type,measure,models,fyear,modelled_growth,baseline
A&E,cwa,Demography,2018,1.0000,3511161918
A&E,cwa,Demography,2019,1.0066,3511161918
A&E,cwa,Demography,2020,1.0084,3511161918
A&E,cwa,Demography,2021,1.0124,3511161918
A&E,cwa,Demography,2022,1.0232,3511161918
A&E,cwa,Demography,2023,1.0163,3511161918
A&E,cwa,Demography,2024,1.0290,3511161918
A&E,cwa,Demography,2025,1.0408,3511161918
A&E,cwa,Demography,2026,1.0519,3511161918
A&E,cwa,Demography,2027,1.0636,3511161918
A&E,cwa,Demography,2028,1.0736,3511161918
A&E,cwa,Demography,2029,1.0823,3511161918
A&E,cwa,Demography,2030,1.0905,3511161918
A&E,cwa,Demography,2031,1.0982,3511161918
A&E,cwa,Demography,2032,1.1058,3511161918
A&E,cwa,Demography,2033,1.1133,3511161918
A&E,cwa,Demography,2034,1.1209,3511161918
A&E,cwa,Demography,2035,1.1281,3511161918
A&E,cwa,Demography,2036,1.1353,3511161918
A&E,cwa,Demography,2037,1.1433,3511161918
A&E,cwa,Demography,2038,1.1509,3511161918
A&E,cwa,Demography,2039,1.1586,3511161918
A&E,cwa,Demography,2040,1.1660,3511161918
A&E,cwa,Morbidity,2018,1.0000,3511161918
A&E,cwa,Morbidity,2019,1.0091,3511161918
A&E,cwa,Morbidity,2020,1.0142,3511161918
A&E,cwa,Morbidity,2021,1.0222,3511161918
A&E,cwa,Morbidity,2022,1.0363,3511161918
A&E,cwa,Morbidity,2023,1.0314,3511161918
A&E,cwa,Morbidity,2024,1.0467,3511161918
A&E,cwa,Morbidity,2025,1.0611,3511161918
A&E,cwa,Morbidity,2026,1.0748,3511161918
A&E,cwa,Morbidity,2027,1.0881,3511161918
A&E,cwa,Morbidity,2028,1.1004,3511161918
A&E,cwa,Morbidity,2029,1.1115,3511161918
A&E,cwa,Morbidity,2030,1.1221,3511161918
A&E,cwa,Morbidity,2031,1.1327,3511161918
A&E,cwa,Morbidity,2032,1.1429,3511161918
A&E,cwa,Morbidity,2033,1.1530,3511161918
A&E,cwa,Morbidity,2034,1.1631,3511161918
A&E,cwa,Morbidity,2035,1.1729,3511161918
A&E,cwa,Morbidity,2036,1.1824,3511161918
A&E,cwa,Morbidity,2037,1.1927,3511161918
A&E,cwa,Morbidity,2038,1.2026,3511161918
A&E,cwa,Morbidity,2039,1.2122,3511161918
A&E,cwa,Morbidity,2040,1.2220,3511161918
A&E,cwa,Linear growth,2018,1.0000,3511161918
A&E,cwa,Linear growth,2019,1.0367,3511161918
A&E,cwa,Linear growth,2020,1.0704,3511161918
A&E,cwa,Linear growth,2021,1.1083,3511161918
A&E,cwa,Linear growth,2022,1.1544,3511161918
A&E,cwa,Linear growth,2023,1.1802,3511161918
A&E,cwa,Linear growth,2024,1.2303,3511161918
A&E,cwa,Linear growth,2025,1.2814,3511161918
A&E,cwa,Linear growth,2026,1.3333,3511161918
A&E,cwa,Linear growth,2027,1.3868,3511161918
A&E,cwa,Linear growth,2028,1.4410,3511161918
A&E,cwa,Linear growth,2029,1.4957,3511161918
A&E,cwa,Linear growth,2030,1.5520,3511161918
A&E,cwa,Linear growth,2031,1.6101,3511161918
A&E,cwa,Linear growth,2032,1.6700,3511161918
A&E,cwa,Linear growth,2033,1.7319,3511161918
A&E,cwa,Linear growth,2034,1.7961,3511161918
A&E,cwa,Linear growth,2035,1.8623,3511161918
A&E,cwa,Linear growth,2036,1.9304,3511161918
A&E,cwa,Linear growth,2037,2.0022,3511161918
A&E,cwa,Linear growth,2038,2.0762,3511161918
A&E,cwa,Linear growth,2039,2.1520,3511161918
A&E,cwa,Linear growth,2040,2.2310,3511161918
A&E,cwa,Log growth,2018,1.0000,3511161918
A&E,cwa,Log growth,2019,1.0202,3511161918
A&E,cwa,Log growth,2020,1.0355,3511161918
A&E,cwa,Log growth,2021,1.0530,3511161918
A&E,cwa,Log growth,2022,1.0764,3511161918
A&E,cwa,Log growth,2023,1.0788,3511161918
A&E,cwa,Log growth,2024,1.1023,3511161918
A&E,cwa,Log growth,2025,1.1247,3511161918
A&E,cwa,Log growth,2026,1.1460,3511161918
A&E,cwa,Log growth,2027,1.1666,3511161918
A&E,cwa,Log growth,2028,1.1860,3511161918
A&E,cwa,Log growth,2029,1.2041,3511161918
A&E,cwa,Log growth,2030,1.2216,3511161918
A&E,cwa,Log growth,2031,1.2389,3511161918
A&E,cwa,Log growth,2032,1.2557,3511161918
A&E,cwa,Log growth,2033,1.2723,3511161918
A&E,cwa,Log growth,2034,1.2888,3511161918
A&E,cwa,Log growth,2035,1.3051,3511161918
A&E,cwa,Log growth,2036,1.3209,3511161918
A&E,cwa,Log growth,2037,1.3373,3511161918
A&E,cwa,Log growth,2038,1.3535,3511161918
A&E,cwa,Log growth,2039,1.3691,3511161918
A&E,cwa,Log growth,2040,1.3849,3511161918
A&E,activity,Demography,2018,1.0000,3511161918
A&E,activity,Demography,2019,1.0057,3511161918
A&E,activity,Demography,2020,1.0068,3511161918
A&E,activity,Demography,2021,1.0101,3511161918
A&E,activity,Demography,2022,1.0206,3511161918
A&E,activity,Demography,2023,1.0114,3511161918
A&E,activity,Demography,2024,1.0234,3511161918
A&E,activity,Demography,2025,1.0346,3511161918
A&E,activity,Demography,2026,1.0450,3511161918
A&E,activity,Demography,2027,1.0554,3511161918
A&E,activity,Demography,2028,1.0644,3511161918
A&E,activity,Demography,2029,1.0721,3511161918
A&E,activity,Demography,2030,1.0795,3511161918
A&E,activity,Demography,2031,1.0864,3511161918
A&E,activity,Demography,2032,1.0932,3511161918
A&E,activity,Demography,2033,1.0999,3511161918
A&E,activity,Demography,2034,1.1066,3511161918
A&E,activity,Demography,2035,1.1131,3511161918
A&E,activity,Demography,2036,1.1194,3511161918
A&E,activity,Demography,2037,1.1264,3511161918
A&E,activity,Demography,2038,1.1330,3511161918
A&E,activity,Demography,2039,1.1397,3511161918
A&E,activity,Demography,2040,1.1463,3511161918
A&E,activity,Morbidity,2018,1.0000,3511161918
A&E,activity,Morbidity,2019,1.0083,3511161918
A&E,activity,Morbidity,2020,1.0128,3511161918
A&E,activity,Morbidity,2021,1.0202,3511161918
A&E,activity,Morbidity,2022,1.0341,3511161918
A&E,activity,Morbidity,2023,1.0273,3511161918
A&E,activity,Morbidity,2024,1.0421,3511161918
A&E,activity,Morbidity,2025,1.0561,3511161918
A&E,activity,Morbidity,2026,1.0693,3511161918
A&E,activity,Morbidity,2027,1.0818,3511161918
A&E,activity,Morbidity,2028,1.0935,3511161918
A&E,activity,Morbidity,2029,1.1040,3511161918
A&E,activity,Morbidity,2030,1.1141,3511161918
A&E,activity,Morbidity,2031,1.1242,3511161918
A&E,activity,Morbidity,2032,1.1339,3511161918
A&E,activity,Morbidity,2033,1.1436,3511161918
A&E,activity,Morbidity,2034,1.1532,3511161918
A&E,activity,Morbidity,2035,1.1626,3511161918
A&E,activity,Morbidity,2036,1.1717,3511161918
A&E,activity,Morbidity,2037,1.1816,3511161918
A&E,activity,Morbidity,2038,1.1911,3511161918
A&E,activity,Morbidity,2039,1.2001,3511161918
A&E,activity,Morbidity,2040,1.2094,3511161918
A&E,activity,Linear growth,2018,1.0000,3511161918
A&E,activity,Linear growth,2019,1.0269,3511161918
A&E,activity,Linear growth,2020,1.0502,3511161918
A&E,activity,Linear growth,2021,1.0767,3511161918
A&E,activity,Linear growth,2022,1.1112,3511161918
A&E,activity,Linear growth,2023,1.1227,3511161918
A&E,activity,Linear growth,2024,1.1594,3511161918
A&E,activity,Linear growth,2025,1.1960,3511161918
A&E,activity,Linear growth,2026,1.2327,3511161918
A&E,activity,Linear growth,2027,1.2694,3511161918
A&E,activity,Linear growth,2028,1.3059,3511161918
A&E,activity,Linear growth,2029,1.3421,3511161918
A&E,activity,Linear growth,2030,1.3789,3511161918
A&E,activity,Linear growth,2031,1.4162,3511161918
A&E,activity,Linear growth,2032,1.4543,3511161918
A&E,activity,Linear growth,2033,1.4931,3511161918
A&E,activity,Linear growth,2034,1.5328,3511161918
A&E,activity,Linear growth,2035,1.5733,3511161918
A&E,activity,Linear growth,2036,1.6145,3511161918
A&E,activity,Linear growth,2037,1.6573,3511161918
A&E,activity,Linear growth,2038,1.7009,3511161918
A&E,activity,Linear growth,2039,1.7451,3511161918
A&E,activity,Linear growth,2040,1.7906,3511161918
A&E,activity,Log growth,2018,1.0000,3511161918
A&E,activity,Log growth,2019,1.0150,3511161918
A&E,activity,Log growth,2020,1.0254,3511161918
A&E,activity,Log growth,2021,1.0379,3511161918
A&E,activity,Log growth,2022,1.0570,3511161918
A&E,activity,Log growth,2023,1.0533,3511161918
A&E,activity,Log growth,2024,1.0724,3511161918
A&E,activity,Log growth,2025,1.0906,3511161918
A&E,activity,Log growth,2026,1.1076,3511161918
A&E,activity,Log growth,2027,1.1238,3511161918
A&E,activity,Log growth,2028,1.1387,3511161918
A&E,activity,Log growth,2029,1.1525,3511161918
A&E,activity,Log growth,2030,1.1659,3511161918
A&E,activity,Log growth,2031,1.1789,3511161918
A&E,activity,Log growth,2032,1.1916,3511161918
A&E,activity,Log growth,2033,1.2041,3511161918
A&E,activity,Log growth,2034,1.2165,3511161918
A&E,activity,Log growth,2035,1.2287,3511161918
A&E,activity,Log growth,2036,1.2406,3511161918
A&E,activity,Log growth,2037,1.2529,3511161918
A&E,activity,Log growth,2038,1.2650,3511161918
A&E,activity,Log growth,2039,1.2766,3511161918
A&E,activity,Log growth,2040,1.2884,3511161918
Elective,cwa,Demography,2018,1.0000,10363552521
Elective,cwa,Demography,2019,1.0112,10363552521
Elective,cwa,Demography,2020,1.0185,10363552521
Elective,cwa,Demography,2021,1.0281,10363552521
Elective,cwa,Demography,2022,1.0402,10363552521
Elective,cwa,Demography,2023,1.0464,10363552521
Elective,cwa,Demography,2024,1.0592,10363552521
Elective,cwa,Demography,2025,1.0708,10363552521
Elective,cwa,Demography,2026,1.0816,10363552521
Elective,cwa,Demography,2027,1.0910,10363552521
Elective,cwa,Demography,2028,1.0999,10363552521
Elective,cwa,Demography,2029,1.1089,10363552521
Elective,cwa,Demography,2030,1.1183,10363552521
Elective,cwa,Demography,2031,1.1285,10363552521
Elective,cwa,Demography,2032,1.1381,10363552521
Elective,cwa,Demography,2033,1.1469,10363552521
Elective,cwa,Demography,2034,1.1551,10363552521
Elective,cwa,Demography,2035,1.1632,10363552521
Elective,cwa,Demography,2036,1.1710,10363552521
Elective,cwa,Demography,2037,1.1775,10363552521
Elective,cwa,Demography,2038,1.1845,10363552521
Elective,cwa,Demography,2039,1.1926,10363552521
Elective,cwa,Demography,2040,1.2008,10363552521
Elective,cwa,Morbidity,2018,1.0000,10363552521
Elective,cwa,Morbidity,2019,1.0123,10363552521
Elective,cwa,Morbidity,2020,1.0229,10363552521
Elective,cwa,Morbidity,2021,1.0410,10363552521
Elective,cwa,Morbidity,2022,1.0567,10363552521
Elective,cwa,Morbidity,2023,1.0663,10363552521
Elective,cwa,Morbidity,2024,1.0823,10363552521
Elective,cwa,Morbidity,2025,1.0971,10363552521
Elective,cwa,Morbidity,2026,1.1112,10363552521
Elective,cwa,Morbidity,2027,1.1226,10363552521
Elective,cwa,Morbidity,2028,1.1339,10363552521
Elective,cwa,Morbidity,2029,1.1455,10363552521
Elective,cwa,Morbidity,2030,1.1579,10363552521
Elective,cwa,Morbidity,2031,1.1706,10363552521
Elective,cwa,Morbidity,2032,1.1829,10363552521
Elective,cwa,Morbidity,2033,1.1945,10363552521
Elective,cwa,Morbidity,2034,1.2059,10363552521
Elective,cwa,Morbidity,2035,1.2173,10363552521
Elective,cwa,Morbidity,2036,1.2284,10363552521
Elective,cwa,Morbidity,2037,1.2379,10363552521
Elective,cwa,Morbidity,2038,1.2481,10363552521
Elective,cwa,Morbidity,2039,1.2587,10363552521
Elective,cwa,Morbidity,2040,1.2697,10363552521
Elective,cwa,Linear growth,2018,1.0000,10363552521
Elective,cwa,Linear growth,2019,1.0186,10363552521
Elective,cwa,Linear growth,2020,1.0355,10363552521
Elective,cwa,Linear growth,2021,1.0586,10363552521
Elective,cwa,Linear growth,2022,1.0813,10363552521
Elective,cwa,Linear growth,2023,1.0984,10363552521
Elective,cwa,Linear growth,2024,1.1222,10363552521
Elective,cwa,Linear growth,2025,1.1456,10363552521
Elective,cwa,Linear growth,2026,1.1684,10363552521
Elective,cwa,Linear growth,2027,1.1883,10363552521
Elective,cwa,Linear growth,2028,1.2083,10363552521
Elective,cwa,Linear growth,2029,1.2292,10363552521
Elective,cwa,Linear growth,2030,1.2507,10363552521
Elective,cwa,Linear growth,2031,1.2727,10363552521
Elective,cwa,Linear growth,2032,1.2948,10363552521
Elective,cwa,Linear growth,2033,1.3164,10363552521
Elective,cwa,Linear growth,2034,1.3380,10363552521
Elective,cwa,Linear growth,2035,1.3599,10363552521
Elective,cwa,Linear growth,2036,1.3815,10363552521
Elective,cwa,Linear growth,2037,1.4024,10363552521
Elective,cwa,Linear growth,2038,1.4240,10363552521
Elective,cwa,Linear growth,2039,1.4463,10363552521
Elective,cwa,Linear growth,2040,1.4693,10363552521
Elective,cwa,Log growth,2018,1.0000,10363552521
Elective,cwa,Log growth,2019,1.0123,10363552521
Elective,cwa,Log growth,2020,1.0225,10363552521
Elective,cwa,Log growth,2021,1.0382,10363552521
Elective,cwa,Log growth,2022,1.0532,10363552521
Elective,cwa,Log growth,2023,1.0622,10363552521
Elective,cwa,Log growth,2024,1.0773,10363552521
Elective,cwa,Log growth,2025,1.0917,10363552521
Elective,cwa,Log growth,2026,1.1051,10363552521
Elective,cwa,Log growth,2027,1.1153,10363552521
Elective,cwa,Log growth,2028,1.1253,10363552521
Elective,cwa,Log growth,2029,1.1358,10363552521
Elective,cwa,Log growth,2030,1.1466,10363552521
Elective,cwa,Log growth,2031,1.1575,10363552521
Elective,cwa,Log growth,2032,1.1682,10363552521
Elective,cwa,Log growth,2033,1.1781,10363552521
Elective,cwa,Log growth,2034,1.1877,10363552521
Elective,cwa,Log growth,2035,1.1973,10363552521
Elective,cwa,Log growth,2036,1.2064,10363552521
Elective,cwa,Log growth,2037,1.2146,10363552521
Elective,cwa,Log growth,2038,1.2230,10363552521
Elective,cwa,Log growth,2039,1.2318,10363552521
Elective,cwa,Log growth,2040,1.2410,10363552521
Emergency,cwa,Demography,2018,1.0000,16735761400
Emergency,cwa,Demography,2019,1.0143,16735761400
Emergency,cwa,Demography,2020,1.0205,16735761400
Emergency,cwa,Demography,2021,1.0292,16735761400
Emergency,cwa,Demography,2022,1.0427,16735761400
Emergency,cwa,Demography,2023,1.0510,16735761400
Emergency,cwa,Demography,2024,1.0690,16735761400
Emergency,cwa,Demography,2025,1.0859,16735761400
Emergency,cwa,Demography,2026,1.1027,16735761400
Emergency,cwa,Demography,2027,1.1258,16735761400
Emergency,cwa,Demography,2028,1.1454,16735761400
Emergency,cwa,Demography,2029,1.1623,16735761400
Emergency,cwa,Demography,2030,1.1778,16735761400
Emergency,cwa,Demography,2031,1.1923,16735761400
Emergency,cwa,Demography,2032,1.2067,16735761400
Emergency,cwa,Demography,2033,1.2218,16735761400
Emergency,cwa,Demography,2034,1.2368,16735761400
Emergency,cwa,Demography,2035,1.2508,16735761400
Emergency,cwa,Demography,2036,1.2650,16735761400
Emergency,cwa,Demography,2037,1.2826,16735761400
Emergency,cwa,Demography,2038,1.2989,16735761400
Emergency,cwa,Demography,2039,1.3149,16735761400
Emergency,cwa,Demography,2040,1.3306,16735761400
Emergency,cwa,Morbidity,2018,1.0000,16735761400
Emergency,cwa,Morbidity,2019,1.0201,16735761400
Emergency,cwa,Morbidity,2020,1.0374,16735761400
Emergency,cwa,Morbidity,2021,1.0596,16735761400
Emergency,cwa,Morbidity,2022,1.0842,16735761400
Emergency,cwa,Morbidity,2023,1.0990,16735761400
Emergency,cwa,Morbidity,2024,1.1248,16735761400
Emergency,cwa,Morbidity,2025,1.1498,16735761400
Emergency,cwa,Morbidity,2026,1.1735,16735761400
Emergency,cwa,Morbidity,2027,1.2003,16735761400
Emergency,cwa,Morbidity,2028,1.2265,16735761400
Emergency,cwa,Morbidity,2029,1.2498,16735761400
Emergency,cwa,Morbidity,2030,1.2726,16735761400
Emergency,cwa,Morbidity,2031,1.2966,16735761400
Emergency,cwa,Morbidity,2032,1.3197,16735761400
Emergency,cwa,Morbidity,2033,1.3428,16735761400
Emergency,cwa,Morbidity,2034,1.3650,16735761400
Emergency,cwa,Morbidity,2035,1.3871,16735761400
Emergency,cwa,Morbidity,2036,1.4080,16735761400
Emergency,cwa,Morbidity,2037,1.4315,16735761400
Emergency,cwa,Morbidity,2038,1.4543,16735761400
Emergency,cwa,Morbidity,2039,1.4753,16735761400
Emergency,cwa,Morbidity,2040,1.4983,16735761400
Emergency,cwa,Linear growth,2018,1.0000,16735761400
Emergency,cwa,Linear growth,2019,1.0287,16735761400
Emergency,cwa,Linear growth,2020,1.0546,16735761400
Emergency,cwa,Linear growth,2021,1.0859,16735761400
Emergency,cwa,Linear growth,2022,1.1199,16735761400
Emergency,cwa,Linear growth,2023,1.1445,16735761400
Emergency,cwa,Linear growth,2024,1.1806,16735761400
Emergency,cwa,Linear growth,2025,1.2163,16735761400
Emergency,cwa,Linear growth,2026,1.2513,16735761400
Emergency,cwa,Linear growth,2027,1.2898,16735761400
Emergency,cwa,Linear growth,2028,1.3282,16735761400
Emergency,cwa,Linear growth,2029,1.3643,16735761400
Emergency,cwa,Linear growth,2030,1.4004,16735761400
Emergency,cwa,Linear growth,2031,1.4383,16735761400
Emergency,cwa,Linear growth,2032,1.4757,16735761400
Emergency,cwa,Linear growth,2033,1.5136,16735761400
Emergency,cwa,Linear growth,2034,1.5511,16735761400
Emergency,cwa,Linear growth,2035,1.5891,16735761400
Emergency,cwa,Linear growth,2036,1.6264,16735761400
Emergency,cwa,Linear growth,2037,1.6667,16735761400
Emergency,cwa,Linear growth,2038,1.7070,16735761400
Emergency,cwa,Linear growth,2039,1.7462,16735761400
Emergency,cwa,Linear growth,2040,1.7879,16735761400
Emergency,cwa,Log growth,2018,1.0000,16735761400
Emergency,cwa,Log growth,2019,1.0220,16735761400
Emergency,cwa,Log growth,2020,1.0407,16735761400
Emergency,cwa,Log growth,2021,1.0642,16735761400
Emergency,cwa,Log growth,2022,1.0898,16735761400
Emergency,cwa,Log growth,2023,1.1056,16735761400
Emergency,cwa,Log growth,2024,1.1322,16735761400
Emergency,cwa,Log growth,2025,1.1578,16735761400
Emergency,cwa,Log growth,2026,1.1823,16735761400
Emergency,cwa,Log growth,2027,1.2093,16735761400
Emergency,cwa,Log growth,2028,1.2358,16735761400
Emergency,cwa,Log growth,2029,1.2596,16735761400
Emergency,cwa,Log growth,2030,1.2830,16735761400
Emergency,cwa,Log growth,2031,1.3073,16735761400
Emergency,cwa,Log growth,2032,1.3308,16735761400
Emergency,cwa,Log growth,2033,1.3540,16735761400
Emergency,cwa,Log growth,2034,1.3766,16735761400
Emergency,cwa,Log growth,2035,1.3990,16735761400
Emergency,cwa,Log growth,2036,1.4203,16735761400
Emergency,cwa,Log growth,2037,1.4437,16735761400
Emergency,cwa,Log growth,2038,1.4666,16735761400
Emergency,cwa,Log growth,2039,1.4880,16735761400
Emergency,cwa,Log growth,2040,1.5111,16735761400
Elective,activity,Demography,2018,1.0000,10363552521
Elective,activity,Demography,2019,1.0114,10363552521
Elective,activity,Demography,2020,1.0188,10363552521
Elective,activity,Demography,2021,1.0282,10363552521
Elective,activity,Demography,2022,1.0400,10363552521
Elective,activity,Demography,2023,1.0465,10363552521
Elective,activity,Demography,2024,1.0592,10363552521
Elective,activity,Demography,2025,1.0706,10363552521
Elective,activity,Demography,2026,1.0812,10363552521
Elective,activity,Demography,2027,1.0910,10363552521
Elective,activity,Demography,2028,1.1000,10363552521
Elective,activity,Demography,2029,1.1091,10363552521
Elective,activity,Demography,2030,1.1186,10363552521
Elective,activity,Demography,2031,1.1288,10363552521
Elective,activity,Demography,2032,1.1386,10363552521
Elective,activity,Demography,2033,1.1477,10363552521
Elective,activity,Demography,2034,1.1564,10363552521
Elective,activity,Demography,2035,1.1649,10363552521
Elective,activity,Demography,2036,1.1734,10363552521
Elective,activity,Demography,2037,1.1807,10363552521
Elective,activity,Demography,2038,1.1885,10363552521
Elective,activity,Demography,2039,1.1973,10363552521
Elective,activity,Demography,2040,1.2060,10363552521
Elective,activity,Morbidity,2018,1.0000,10363552521
Elective,activity,Morbidity,2019,1.0148,10363552521
Elective,activity,Morbidity,2020,1.0283,10363552521
Elective,activity,Morbidity,2021,1.0511,10363552521
Elective,activity,Morbidity,2022,1.0697,10363552521
Elective,activity,Morbidity,2023,1.0827,10363552521
Elective,activity,Morbidity,2024,1.1020,10363552521
Elective,activity,Morbidity,2025,1.1198,10363552521
Elective,activity,Morbidity,2026,1.1369,10363552521
Elective,activity,Morbidity,2027,1.1524,10363552521
Elective,activity,Morbidity,2028,1.1675,10363552521
Elective,activity,Morbidity,2029,1.1827,10363552521
Elective,activity,Morbidity,2030,1.1989,10363552521
Elective,activity,Morbidity,2031,1.2153,10363552521
Elective,activity,Morbidity,2032,1.2311,10363552521
Elective,activity,Morbidity,2033,1.2463,10363552521
Elective,activity,Morbidity,2034,1.2612,10363552521
Elective,activity,Morbidity,2035,1.2762,10363552521
Elective,activity,Morbidity,2036,1.2911,10363552521
Elective,activity,Morbidity,2037,1.3038,10363552521
Elective,activity,Morbidity,2038,1.3174,10363552521
Elective,activity,Morbidity,2039,1.3316,10363552521
Elective,activity,Morbidity,2040,1.3464,10363552521
Elective,activity,Linear growth,2018,1.0000,10363552521
Elective,activity,Linear growth,2019,1.0212,10363552521
Elective,activity,Linear growth,2020,1.0409,10363552521
Elective,activity,Linear growth,2021,1.0689,10363552521
Elective,activity,Linear growth,2022,1.0947,10363552521
Elective,activity,Linear growth,2023,1.1153,10363552521
Elective,activity,Linear growth,2024,1.1426,10363552521
Elective,activity,Linear growth,2025,1.1693,10363552521
Elective,activity,Linear growth,2026,1.1955,10363552521
Elective,activity,Linear growth,2027,1.2199,10363552521
Elective,activity,Linear growth,2028,1.2442,10363552521
Elective,activity,Linear growth,2029,1.2691,10363552521
Elective,activity,Linear growth,2030,1.2949,10363552521
Elective,activity,Linear growth,2031,1.3213,10363552521
Elective,activity,Linear growth,2032,1.3476,10363552521
Elective,activity,Linear growth,2033,1.3735,10363552521
Elective,activity,Linear growth,2034,1.3994,10363552521
Elective,activity,Linear growth,2035,1.4256,10363552521
Elective,activity,Linear growth,2036,1.4520,10363552521
Elective,activity,Linear growth,2037,1.4770,10363552521
Elective,activity,Linear growth,2038,1.5031,10363552521
Elective,activity,Linear growth,2039,1.5301,10363552521
Elective,activity,Linear growth,2040,1.5580,10363552521
Elective,activity,Log growth,2018,1.0000,10363552521
Elective,activity,Log growth,2019,1.0149,10363552521
Elective,activity,Log growth,2020,1.0278,10363552521
Elective,activity,Log growth,2021,1.0483,10363552521
Elective,activity,Log growth,2022,1.0662,10363552521
Elective,activity,Log growth,2023,1.0786,10363552521
Elective,activity,Log growth,2024,1.0969,10363552521
Elective,activity,Log growth,2025,1.1143,10363552521
Elective,activity,Log growth,2026,1.1306,10363552521
Elective,activity,Log growth,2027,1.1450,10363552521
Elective,activity,Log growth,2028,1.1587,10363552521
Elective,activity,Log growth,2029,1.1727,10363552521
Elective,activity,Log growth,2030,1.1872,10363552521
Elective,activity,Log growth,2031,1.2017,10363552521
Elective,activity,Log growth,2032,1.2158,10363552521
Elective,activity,Log growth,2033,1.2292,10363552521
Elective,activity,Log growth,2034,1.2423,10363552521
Elective,activity,Log growth,2035,1.2552,10363552521
Elective,activity,Log growth,2036,1.2679,10363552521
Elective,activity,Log growth,2037,1.2792,10363552521
Elective,activity,Log growth,2038,1.2910,10363552521
Elective,activity,Log growth,2039,1.3032,10363552521
Elective,activity,Log growth,2040,1.3159,10363552521
Emergency,activity,Demography,2018,1.0000,16735761400
Emergency,activity,Demography,2019,1.0102,16735761400
Emergency,activity,Demography,2020,1.0140,16735761400
Emergency,activity,Demography,2021,1.0200,16735761400
Emergency,activity,Demography,2022,1.0319,16735761400
Emergency,activity,Demography,2023,1.0325,16735761400
Emergency,activity,Demography,2024,1.0477,16735761400
Emergency,activity,Demography,2025,1.0620,16735761400
Emergency,activity,Demography,2026,1.0761,16735761400
Emergency,activity,Demography,2027,1.0933,16735761400
Emergency,activity,Demography,2028,1.1083,16735761400
Emergency,activity,Demography,2029,1.1211,16735761400
Emergency,activity,Demography,2030,1.1330,16735761400
Emergency,activity,Demography,2031,1.1444,16735761400
Emergency,activity,Demography,2032,1.1556,16735761400
Emergency,activity,Demography,2033,1.1670,16735761400
Emergency,activity,Demography,2034,1.1784,16735761400
Emergency,activity,Demography,2035,1.1890,16735761400
Emergency,activity,Demography,2036,1.1997,16735761400
Emergency,activity,Demography,2037,1.2123,16735761400
Emergency,activity,Demography,2038,1.2242,16735761400
Emergency,activity,Demography,2039,1.2361,16735761400
Emergency,activity,Demography,2040,1.2478,16735761400
Emergency,activity,Morbidity,2018,1.0000,16735761400
Emergency,activity,Morbidity,2019,1.0171,16735761400
Emergency,activity,Morbidity,2020,1.0329,16735761400
Emergency,activity,Morbidity,2021,1.0532,16735761400
Emergency,activity,Morbidity,2022,1.0775,16735761400
Emergency,activity,Morbidity,2023,1.0866,16735761400
Emergency,activity,Morbidity,2024,1.1113,16735761400
Emergency,activity,Morbidity,2025,1.1354,16735761400
Emergency,activity,Morbidity,2026,1.1583,16735761400
Emergency,activity,Morbidity,2027,1.1838,16735761400
Emergency,activity,Morbidity,2028,1.2093,16735761400
Emergency,activity,Morbidity,2029,1.2312,16735761400
Emergency,activity,Morbidity,2030,1.2523,16735761400
Emergency,activity,Morbidity,2031,1.2751,16735761400
Emergency,activity,Morbidity,2032,1.2966,16735761400
Emergency,activity,Morbidity,2033,1.3183,16735761400
Emergency,activity,Morbidity,2034,1.3397,16735761400
Emergency,activity,Morbidity,2035,1.3609,16735761400
Emergency,activity,Morbidity,2036,1.3802,16735761400
Emergency,activity,Morbidity,2037,1.4047,16735761400
Emergency,activity,Morbidity,2038,1.4271,16735761400
Emergency,activity,Morbidity,2039,1.4468,16735761400
Emergency,activity,Morbidity,2040,1.4684,16735761400
Emergency,activity,Linear growth,2018,1.0000,16735761400
Emergency,activity,Linear growth,2019,1.0129,16735761400
Emergency,activity,Linear growth,2020,1.0217,16735761400
Emergency,activity,Linear growth,2021,1.0344,16735761400
Emergency,activity,Linear growth,2022,1.0510,16735761400
Emergency,activity,Linear growth,2023,1.0531,16735761400
Emergency,activity,Linear growth,2024,1.0707,16735761400
Emergency,activity,Linear growth,2025,1.0873,16735761400
Emergency,activity,Linear growth,2026,1.1031,16735761400
Emergency,activity,Linear growth,2027,1.1198,16735761400
Emergency,activity,Linear growth,2028,1.1357,16735761400
Emergency,activity,Linear growth,2029,1.1496,16735761400
Emergency,activity,Linear growth,2030,1.1630,16735761400
Emergency,activity,Linear growth,2031,1.1766,16735761400
Emergency,activity,Linear growth,2032,1.1896,16735761400
Emergency,activity,Linear growth,2033,1.2024,16735761400
Emergency,activity,Linear growth,2034,1.2148,16735761400
Emergency,activity,Linear growth,2035,1.2269,16735761400
Emergency,activity,Linear growth,2036,1.2383,16735761400
Emergency,activity,Linear growth,2037,1.2511,16735761400
Emergency,activity,Linear growth,2038,1.2632,16735761400
Emergency,activity,Linear growth,2039,1.2745,16735761400
Emergency,activity,Linear growth,2040,1.2863,16735761400
Emergency,activity,Log growth,2018,1.0000,16735761400
Emergency,activity,Log growth,2019,1.0130,16735761400
Emergency,activity,Log growth,2020,1.0222,16735761400
Emergency,activity,Log growth,2021,1.0355,16735761400
Emergency,activity,Log growth,2022,1.0527,16735761400
Emergency,activity,Log growth,2023,1.0560,16735761400
Emergency,activity,Log growth,2024,1.0746,16735761400
Emergency,activity,Log growth,2025,1.0923,16735761400
Emergency,activity,Log growth,2026,1.1093,16735761400
Emergency,activity,Log growth,2027,1.1273,16735761400
Emergency,activity,Log growth,2028,1.1447,16735761400
Emergency,activity,Log growth,2029,1.1602,16735761400
Emergency,activity,Log growth,2030,1.1753,16735761400
Emergency,activity,Log growth,2031,1.1907,16735761400
Emergency,activity,Log growth,2032,1.2056,16735761400
Emergency,activity,Log growth,2033,1.2204,16735761400
Emergency,activity,Log growth,2034,1.2349,16735761400
Emergency,activity,Log growth,2035,1.2492,16735761400
Emergency,activity,Log growth,2036,1.2628,16735761400
Emergency,activity,Log growth,2037,1.2780,16735761400
Emergency,activity,Log growth,2038,1.2927,16735761400
Emergency,activity,Log growth,2039,1.3065,16735761400
Emergency,activity,Log growth,2040,1.3210,16735761400
Prescribing,activity,Linear growth,2018,1.0000,8199973922
Prescribing,activity,Linear growth,2019,1.0304,8199973922
Prescribing,activity,Linear growth,2020,1.0552,8199973922
Prescribing,activity,Linear growth,2021,1.0841,8199973922
Prescribing,activity,Linear growth,2022,1.1151,8199973922
Prescribing,activity,Linear growth,2023,1.1442,8199973922
Prescribing,activity,Linear growth,2024,1.1783,8199973922
Prescribing,activity,Linear growth,2025,1.2121,8199973922
Prescribing,activity,Linear growth,2026,1.2460,8199973922
Prescribing,activity,Linear growth,2027,1.2809,8199973922
Prescribing,activity,Linear growth,2028,1.3152,8199973922
Prescribing,activity,Linear growth,2029,1.3499,8199973922
Prescribing,activity,Linear growth,2030,1.3851,8199973922
Prescribing,activity,Linear growth,2031,1.4209,8199973922
Prescribing,activity,Linear growth,2032,1.4569,8199973922
Prescribing,activity,Linear growth,2033,1.4931,8199973922
Prescribing,activity,Linear growth,2034,1.5300,8199973922
Prescribing,activity,Linear growth,2035,1.5669,8199973922
Prescribing,activity,Linear growth,2036,1.6044,8199973922
Prescribing,activity,Linear growth,2037,1.6431,8199973922
Prescribing,activity,Linear growth,2038,1.6824,8199973922
Prescribing,activity,Linear growth,2039,1.7228,8199973922
Prescribing,activity,Linear growth,2040,1.7640,8199973922
Prescribing,activity,Log growth,2018,1.0000,8199973922
Prescribing,activity,Log growth,2019,1.0234,8199973922
Prescribing,activity,Log growth,2020,1.0405,8199973922
Prescribing,activity,Log growth,2021,1.0606,8199973922
Prescribing,activity,Log growth,2022,1.0821,8199973922
Prescribing,activity,Log growth,2023,1.1005,8199973922
Prescribing,activity,Log growth,2024,1.1234,8199973922
Prescribing,activity,Log growth,2025,1.1451,8199973922
Prescribing,activity,Log growth,2026,1.1662,8199973922
Prescribing,activity,Log growth,2027,1.1875,8199973922
Prescribing,activity,Log growth,2028,1.2074,8199973922
Prescribing,activity,Log growth,2029,1.2269,8199973922
Prescribing,activity,Log growth,2030,1.2462,8199973922
Prescribing,activity,Log growth,2031,1.2653,8199973922
Prescribing,activity,Log growth,2032,1.2839,8199973922
Prescribing,activity,Log growth,2033,1.3020,8199973922
Prescribing,activity,Log growth,2034,1.3200,8199973922
Prescribing,activity,Log growth,2035,1.3372,8199973922
Prescribing,activity,Log growth,2036,1.3543,8199973922
Prescribing,activity,Log growth,2037,1.3719,8199973922
Prescribing,activity,Log growth,2038,1.3891,8199973922
Prescribing,activity,Log growth,2039,1.4065,8199973922
Prescribing,activity,Log growth,2040,1.4240,8199973922
Outpatients,cwa,Demography,2018,1.0000,14139756885
Outpatients,cwa,Demography,2019,1.0100,14139756885
Outpatients,cwa,Demography,2020,1.0160,14139756885
Outpatients,cwa,Demography,2021,1.0241,14139756885
Outpatients,cwa,Demography,2022,1.0359,14139756885
Outpatients,cwa,Demography,2023,1.0384,14139756885
Outpatients,cwa,Demography,2024,1.0515,14139756885
Outpatients,cwa,Demography,2025,1.0635,14139756885
Outpatients,cwa,Demography,2026,1.0747,14139756885
Outpatients,cwa,Demography,2027,1.0854,14139756885
Outpatients,cwa,Demography,2028,1.0950,14139756885
Outpatients,cwa,Demography,2029,1.1044,14139756885
Outpatients,cwa,Demography,2030,1.1138,14139756885
Outpatients,cwa,Demography,2031,1.1234,14139756885
Outpatients,cwa,Demography,2032,1.1326,14139756885
Outpatients,cwa,Demography,2033,1.1414,14139756885
Outpatients,cwa,Demography,2034,1.1499,14139756885
Outpatients,cwa,Demography,2035,1.1582,14139756885
Outpatients,cwa,Demography,2036,1.1664,14139756885
Outpatients,cwa,Demography,2037,1.1738,14139756885
Outpatients,cwa,Demography,2038,1.1816,14139756885
Outpatients,cwa,Demography,2039,1.1899,14139756885
Outpatients,cwa,Demography,2040,1.1983,14139756885
Outpatients,cwa,Morbidity,2018,1.0000,14139756885
Outpatients,cwa,Morbidity,2019,1.0165,14139756885
Outpatients,cwa,Morbidity,2020,1.0315,14139756885
Outpatients,cwa,Morbidity,2021,1.0554,14139756885
Outpatients,cwa,Morbidity,2022,1.0766,14139756885
Outpatients,cwa,Morbidity,2023,1.0887,14139756885
Outpatients,cwa,Morbidity,2024,1.1115,14139756885
Outpatients,cwa,Morbidity,2025,1.1327,14139756885
Outpatients,cwa,Morbidity,2026,1.1533,14139756885
Outpatients,cwa,Morbidity,2027,1.1732,14139756885
Outpatients,cwa,Morbidity,2028,1.1924,14139756885
Outpatients,cwa,Morbidity,2029,1.2113,14139756885
Outpatients,cwa,Morbidity,2030,1.2306,14139756885
Outpatients,cwa,Morbidity,2031,1.2503,14139756885
Outpatients,cwa,Morbidity,2032,1.2692,14139756885
Outpatients,cwa,Morbidity,2033,1.2872,14139756885
Outpatients,cwa,Morbidity,2034,1.3054,14139756885
Outpatients,cwa,Morbidity,2035,1.3232,14139756885
Outpatients,cwa,Morbidity,2036,1.3412,14139756885
Outpatients,cwa,Morbidity,2037,1.3576,14139756885
Outpatients,cwa,Morbidity,2038,1.3742,14139756885
Outpatients,cwa,Morbidity,2039,1.3912,14139756885
Outpatients,cwa,Morbidity,2040,1.4089,14139756885
Outpatients,cwa,Linear growth,2018,1.0000,14139756885
Outpatients,cwa,Linear growth,2019,1.0383,14139756885
Outpatients,cwa,Linear growth,2020,1.0752,14139756885
Outpatients,cwa,Linear growth,2021,1.1198,14139756885
Outpatients,cwa,Linear growth,2022,1.1662,14139756885
Outpatients,cwa,Linear growth,2023,1.2037,14139756885
Outpatients,cwa,Linear growth,2024,1.2544,14139756885
Outpatients,cwa,Linear growth,2025,1.3059,14139756885
Outpatients,cwa,Linear growth,2026,1.3581,14139756885
Outpatients,cwa,Linear growth,2027,1.4103,14139756885
Outpatients,cwa,Linear growth,2028,1.4633,14139756885
Outpatients,cwa,Linear growth,2029,1.5182,14139756885
Outpatients,cwa,Linear growth,2030,1.5753,14139756885
Outpatients,cwa,Linear growth,2031,1.6344,14139756885
Outpatients,cwa,Linear growth,2032,1.6950,14139756885
Outpatients,cwa,Linear growth,2033,1.7569,14139756885
Outpatients,cwa,Linear growth,2034,1.8209,14139756885
Outpatients,cwa,Linear growth,2035,1.8868,14139756885
Outpatients,cwa,Linear growth,2036,1.9547,14139756885
Outpatients,cwa,Linear growth,2037,2.0234,14139756885
Outpatients,cwa,Linear growth,2038,2.0946,14139756885
Outpatients,cwa,Linear growth,2039,2.1687,14139756885
Outpatients,cwa,Linear growth,2040,2.2456,14139756885
Outpatients,cwa,Log growth,2018,1.0000,14139756885
Outpatients,cwa,Log growth,2019,1.0209,14139756885
Outpatients,cwa,Log growth,2020,1.0386,14139756885
Outpatients,cwa,Log growth,2021,1.0618,14139756885
Outpatients,cwa,Log growth,2022,1.0848,14139756885
Outpatients,cwa,Log growth,2023,1.0979,14139756885
Outpatients,cwa,Log growth,2024,1.1214,14139756885
Outpatients,cwa,Log growth,2025,1.1437,14139756885
Outpatients,cwa,Log growth,2026,1.1650,14139756885
Outpatients,cwa,Log growth,2027,1.1844,14139756885
Outpatients,cwa,Log growth,2028,1.2029,14139756885
Outpatients,cwa,Log growth,2029,1.2214,14139756885
Outpatients,cwa,Log growth,2030,1.2399,14139756885
Outpatients,cwa,Log growth,2031,1.2583,14139756885
Outpatients,cwa,Log growth,2032,1.2762,14139756885
Outpatients,cwa,Log growth,2033,1.2936,14139756885
Outpatients,cwa,Log growth,2034,1.3108,14139756885
Outpatients,cwa,Log growth,2035,1.3277,14139756885
Outpatients,cwa,Log growth,2036,1.3444,14139756885
Outpatients,cwa,Log growth,2037,1.3601,14139756885
Outpatients,cwa,Log growth,2038,1.3759,14139756885
Outpatients,cwa,Log growth,2039,1.3919,14139756885
Outpatients,cwa,Log growth,2040,1.4081,14139756885
Outpatients,activity,Demography,2018,1.0000,14139756885
Outpatients,activity,Demography,2019,1.0103,14139756885
Outpatients,activity,Demography,2020,1.0164,14139756885
Outpatients,activity,Demography,2021,1.0247,14139756885
Outpatients,activity,Demography,2022,1.0365,14139756885
Outpatients,activity,Demography,2023,1.0401,14139756885
Outpatients,activity,Demography,2024,1.0536,14139756885
Outpatients,activity,Demography,2025,1.0660,14139756885
Outpatients,activity,Demography,2026,1.0776,14139756885
Outpatients,activity,Demography,2027,1.0890,14139756885
Outpatients,activity,Demography,2028,1.0992,14139756885
Outpatients,activity,Demography,2029,1.1090,14139756885
Outpatients,activity,Demography,2030,1.1188,14139756885
Outpatients,activity,Demography,2031,1.1287,14139756885
Outpatients,activity,Demography,2032,1.1382,14139756885
Outpatients,activity,Demography,2033,1.1474,14139756885
Outpatients,activity,Demography,2034,1.1562,14139756885
Outpatients,activity,Demography,2035,1.1648,14139756885
Outpatients,activity,Demography,2036,1.1732,14139756885
Outpatients,activity,Demography,2037,1.1811,14139756885
Outpatients,activity,Demography,2038,1.1892,14139756885
Outpatients,activity,Demography,2039,1.1978,14139756885
Outpatients,activity,Demography,2040,1.2065,14139756885
Outpatients,activity,Morbidity,2018,1.0000,14139756885
Outpatients,activity,Morbidity,2019,1.0165,14139756885
Outpatients,activity,Morbidity,2020,1.0300,14139756885
Outpatients,activity,Morbidity,2021,1.0504,14139756885
Outpatients,activity,Morbidity,2022,1.0700,14139756885
Outpatients,activity,Morbidity,2023,1.0813,14139756885
Outpatients,activity,Morbidity,2024,1.1023,14139756885
Outpatients,activity,Morbidity,2025,1.1221,14139756885
Outpatients,activity,Morbidity,2026,1.1412,14139756885
Outpatients,activity,Morbidity,2027,1.1596,14139756885
Outpatients,activity,Morbidity,2028,1.1771,14139756885
Outpatients,activity,Morbidity,2029,1.1945,14139756885
Outpatients,activity,Morbidity,2030,1.2121,14139756885
Outpatients,activity,Morbidity,2031,1.2297,14139756885
Outpatients,activity,Morbidity,2032,1.2467,14139756885
Outpatients,activity,Morbidity,2033,1.2632,14139756885
Outpatients,activity,Morbidity,2034,1.2797,14139756885
Outpatients,activity,Morbidity,2035,1.2960,14139756885
Outpatients,activity,Morbidity,2036,1.3121,14139756885
Outpatients,activity,Morbidity,2037,1.3271,14139756885
Outpatients,activity,Morbidity,2038,1.3423,14139756885
Outpatients,activity,Morbidity,2039,1.3579,14139756885
Outpatients,activity,Morbidity,2040,1.3738,14139756885
Outpatients,activity,Linear growth,2018,1.0000,14139756885
Outpatients,activity,Linear growth,2019,1.0409,14139756885
Outpatients,activity,Linear growth,2020,1.0798,14139756885
Outpatients,activity,Linear growth,2021,1.1256,14139756885
Outpatients,activity,Linear growth,2022,1.1742,14139756885
Outpatients,activity,Linear growth,2023,1.2150,14139756885
Outpatients,activity,Linear growth,2024,1.2685,14139756885
Outpatients,activity,Linear growth,2025,1.3228,14139756885
Outpatients,activity,Linear growth,2026,1.3781,14139756885
Outpatients,activity,Linear growth,2027,1.4337,14139756885
Outpatients,activity,Linear growth,2028,1.4903,14139756885
Outpatients,activity,Linear growth,2029,1.5491,14139756885
Outpatients,activity,Linear growth,2030,1.6102,14139756885
Outpatients,activity,Linear growth,2031,1.6735,14139756885
Outpatients,activity,Linear growth,2032,1.7386,14139756885
Outpatients,activity,Linear growth,2033,1.8053,14139756885
Outpatients,activity,Linear growth,2034,1.8743,14139756885
Outpatients,activity,Linear growth,2035,1.9455,14139756885
Outpatients,activity,Linear growth,2036,2.0190,14139756885
Outpatients,activity,Linear growth,2037,2.0936,14139756885
Outpatients,activity,Linear growth,2038,2.1712,14139756885
Outpatients,activity,Linear growth,2039,2.2520,14139756885
Outpatients,activity,Linear growth,2040,2.3360,14139756885
Outpatients,activity,Log growth,2018,1.0000,14139756885
Outpatients,activity,Log growth,2019,1.0226,14139756885
Outpatients,activity,Log growth,2020,1.0413,14139756885
Outpatients,activity,Log growth,2021,1.0646,14139756885
Outpatients,activity,Log growth,2022,1.0885,14139756885
Outpatients,activity,Log growth,2023,1.1032,14139756885
Outpatients,activity,Log growth,2024,1.1276,14139756885
Outpatients,activity,Log growth,2025,1.1508,14139756885
Outpatients,activity,Log growth,2026,1.1729,14139756885
Outpatients,activity,Log growth,2027,1.1933,14139756885
Outpatients,activity,Log growth,2028,1.2127,14139756885
Outpatients,activity,Log growth,2029,1.2321,14139756885
Outpatients,activity,Log growth,2030,1.2514,14139756885
Outpatients,activity,Log growth,2031,1.2706,14139756885
Outpatients,activity,Log growth,2032,1.2893,14139756885
Outpatients,activity,Log growth,2033,1.3074,14139756885
Outpatients,activity,Log growth,2034,1.3254,14139756885
Outpatients,activity,Log growth,2035,1.3430,14139756885
Outpatients,activity,Log growth,2036,1.3604,14139756885
Outpatients,activity,Log growth,2037,1.3768,14139756885
Outpatients,activity,Log growth,2038,1.3933,14139756885
Outpatients,activity,Log growth,2039,1.4101,14139756885
Outpatients,activity,Log growth,2040,1.4270,14139756885
General Practice,activity,Linear growth,2018,1.0000,10535886000
General Practice,activity,Linear growth,2019,0.9977,10535886000
General Practice,activity,Linear growth,2020,0.9909,10535886000
General Practice,activity,Linear growth,2021,0.9869,10535886000
General Practice,activity,Linear growth,2022,0.9861,10535886000
General Practice,activity,Linear growth,2023,0.9757,10535886000
General Practice,activity,Linear growth,2024,0.9761,10535886000
General Practice,activity,Linear growth,2025,0.9754,10535886000
General Practice,activity,Linear growth,2026,0.9740,10535886000
General Practice,activity,Linear growth,2027,0.9717,10535886000
General Practice,activity,Linear growth,2028,0.9684,10535886000
General Practice,activity,Linear growth,2029,0.9647,10535886000
General Practice,activity,Linear growth,2030,0.9607,10535886000
General Practice,activity,Linear growth,2031,0.9566,10535886000
General Practice,activity,Linear growth,2032,0.9521,10535886000
General Practice,activity,Linear growth,2033,0.9473,10535886000
General Practice,activity,Linear growth,2034,0.9424,10535886000
General Practice,activity,Linear growth,2035,0.9371,10535886000
General Practice,activity,Linear growth,2036,0.9317,10535886000
General Practice,activity,Linear growth,2037,0.9261,10535886000
General Practice,activity,Linear growth,2038,0.9204,10535886000
General Practice,activity,Linear growth,2039,0.9148,10535886000
General Practice,activity,Linear growth,2040,0.9091,10535886000
General Practice,activity,Log growth,2018,1.0000,10535886000
General Practice,activity,Log growth,2019,1.0077,10535886000
General Practice,activity,Log growth,2020,1.0114,10535886000
General Practice,activity,Log growth,2021,1.0181,10535886000
General Practice,activity,Log growth,2022,1.0286,10535886000
General Practice,activity,Log growth,2023,1.0294,10535886000
General Practice,activity,Log growth,2024,1.0416,10535886000
General Practice,activity,Log growth,2025,1.0532,10535886000
General Practice,activity,Log growth,2026,1.0641,10535886000
General Practice,activity,Log growth,2027,1.0743,10535886000
General Practice,activity,Log growth,2028,1.0838,10535886000
General Practice,activity,Log growth,2029,1.0928,10535886000
General Practice,activity,Log growth,2030,1.1018,10535886000
General Practice,activity,Log growth,2031,1.1108,10535886000
General Practice,activity,Log growth,2032,1.1195,10535886000
General Practice,activity,Log growth,2033,1.1280,10535886000
General Practice,activity,Log growth,2034,1.1363,10535886000
General Practice,activity,Log growth,2035,1.1445,10535886000
General Practice,activity,Log growth,2036,1.1524,10535886000
General Practice,activity,Log growth,2037,1.1604,10535886000
General Practice,activity,Log growth,2038,1.1682,10535886000
General Practice,activity,Log growth,2039,1.1762,10535886000
General Practice,activity,Log growth,2040,1.1843,10535886000
General Practice,cwa,Linear growth,2018,1.0000,10535886000
General Practice,cwa,Linear growth,2019,0.9923,10535886000
General Practice,cwa,Linear growth,2020,0.9799,10535886000
General Practice,cwa,Linear growth,2021,0.9705,10535886000
General Practice,cwa,Linear growth,2022,0.9644,10535886000
General Practice,cwa,Linear growth,2023,0.9484,10535886000
General Practice,cwa,Linear growth,2024,0.9435,10535886000
General Practice,cwa,Linear growth,2025,0.9378,10535886000
General Practice,cwa,Linear growth,2026,0.9312,10535886000
General Practice,cwa,Linear growth,2027,0.9242,10535886000
General Practice,cwa,Linear growth,2028,0.9163,10535886000
General Practice,cwa,Linear growth,2029,0.9078,10535886000
General Practice,cwa,Linear growth,2030,0.8991,10535886000
General Practice,cwa,Linear growth,2031,0.8903,10535886000
General Practice,cwa,Linear growth,2032,0.8813,10535886000
General Practice,cwa,Linear growth,2033,0.8722,10535886000
General Practice,cwa,Linear growth,2034,0.8630,10535886000
General Practice,cwa,Linear growth,2035,0.8535,10535886000
General Practice,cwa,Linear growth,2036,0.8440,10535886000
General Practice,cwa,Linear growth,2037,0.8347,10535886000
General Practice,cwa,Linear growth,2038,0.8253,10535886000
General Practice,cwa,Linear growth,2039,0.8158,10535886000
General Practice,cwa,Linear growth,2040,0.8063,10535886000
General Practice,cwa,Log growth,2018,1.0000,10535886000
General Practice,cwa,Log growth,2019,1.0066,10535886000
General Practice,cwa,Log growth,2020,1.0091,10535886000
General Practice,cwa,Log growth,2021,1.0148,10535886000
General Practice,cwa,Log growth,2022,1.0245,10535886000
General Practice,cwa,Log growth,2023,1.0240,10535886000
General Practice,cwa,Log growth,2024,1.0356,10535886000
General Practice,cwa,Log growth,2025,1.0466,10535886000
General Practice,cwa,Log growth,2026,1.0569,10535886000
General Practice,cwa,Log growth,2027,1.0670,10535886000
General Practice,cwa,Log growth,2028,1.0763,10535886000
General Practice,cwa,Log growth,2029,1.0850,10535886000
General Practice,cwa,Log growth,2030,1.0937,10535886000
General Practice,cwa,Log growth,2031,1.1023,10535886000
General Practice,cwa,Log growth,2032,1.1107,10535886000
General Practice,cwa,Log growth,2033,1.1191,10535886000
General Practice,cwa,Log growth,2034,1.1274,10535886000
General Practice,cwa,Log growth,2035,1.1354,10535886000
General Practice,cwa,Log growth,2036,1.1433,10535886000
General Practice,cwa,Log growth,2037,1.1517,10535886000
General Practice,cwa,Log growth,2038,1.1598,10535886000
General Practice,cwa,Log growth,2039,1.1678,10535886000
General Practice,cwa,Log growth,2040,1.1759,10535886000
General Practice,activity,Demography,2018,1.0000,10535886000
General Practice,activity,Demography,2019,1.0092,10535886000
General Practice,activity,Demography,2020,1.0139,10535886000
General Practice,activity,Demography,2021,1.0208,10535886000
General Practice,activity,Demography,2022,1.0320,10535886000
General Practice,activity,Demography,2023,1.0336,10535886000
General Practice,activity,Demography,2024,1.0469,10535886000
General Practice,activity,Demography,2025,1.0592,10535886000
General Practice,activity,Demography,2026,1.0709,10535886000
General Practice,activity,Demography,2027,1.0827,10535886000
General Practice,activity,Demography,2028,1.0933,10535886000
General Practice,activity,Demography,2029,1.1031,10535886000
General Practice,activity,Demography,2030,1.1126,10535886000
General Practice,activity,Demography,2031,1.1221,10535886000
General Practice,activity,Demography,2032,1.1314,10535886000
General Practice,activity,Demography,2033,1.1403,10535886000
General Practice,activity,Demography,2034,1.1489,10535886000
General Practice,activity,Demography,2035,1.1573,10535886000
General Practice,activity,Demography,2036,1.1655,10535886000
General Practice,activity,Demography,2037,1.1737,10535886000
General Practice,activity,Demography,2038,1.1819,10535886000
General Practice,activity,Demography,2039,1.1905,10535886000
General Practice,activity,Demography,2040,1.1991,10535886000
General Practice,activity,Morbidity,2018,1.0000,10535886000
General Practice,activity,Morbidity,2019,1.0147,10535886000
General Practice,activity,Morbidity,2020,1.0246,10535886000
General Practice,activity,Morbidity,2021,1.0378,10535886000
General Practice,activity,Morbidity,2022,1.0542,10535886000
General Practice,activity,Morbidity,2023,1.0606,10535886000
General Practice,activity,Morbidity,2024,1.0784,10535886000
General Practice,activity,Morbidity,2025,1.0954,10535886000
General Practice,activity,Morbidity,2026,1.1117,10535886000
General Practice,activity,Morbidity,2027,1.1275,10535886000
General Practice,activity,Morbidity,2028,1.1423,10535886000
General Practice,activity,Morbidity,2029,1.1566,10535886000
General Practice,activity,Morbidity,2030,1.1707,10535886000
General Practice,activity,Morbidity,2031,1.1849,10535886000
General Practice,activity,Morbidity,2032,1.1987,10535886000
General Practice,activity,Morbidity,2033,1.2121,10535886000
General Practice,activity,Morbidity,2034,1.2254,10535886000
General Practice,activity,Morbidity,2035,1.2385,10535886000
General Practice,activity,Morbidity,2036,1.2512,10535886000
General Practice,activity,Morbidity,2037,1.2639,10535886000
General Practice,activity,Morbidity,2038,1.2765,10535886000
General Practice,activity,Morbidity,2039,1.2893,10535886000
General Practice,activity,Morbidity,2040,1.3022,10535886000
General Practice,cwa,Demography,2018,1.0000,10535886000
General Practice,cwa,Demography,2019,1.0093,10535886000
General Practice,cwa,Demography,2020,1.0138,10535886000
General Practice,cwa,Demography,2021,1.0204,10535886000
General Practice,cwa,Demography,2022,1.0317,10535886000
General Practice,cwa,Demography,2023,1.0330,10535886000
General Practice,cwa,Demography,2024,1.0465,10535886000
General Practice,cwa,Demography,2025,1.0590,10535886000
General Practice,cwa,Demography,2026,1.0709,10535886000
General Practice,cwa,Demography,2027,1.0836,10535886000
General Practice,cwa,Demography,2028,1.0948,10535886000
General Practice,cwa,Demography,2029,1.1050,10535886000
General Practice,cwa,Demography,2030,1.1148,10535886000
General Practice,cwa,Demography,2031,1.1244,10535886000
General Practice,cwa,Demography,2032,1.1338,10535886000
General Practice,cwa,Demography,2033,1.1432,10535886000
General Practice,cwa,Demography,2034,1.1524,10535886000
General Practice,cwa,Demography,2035,1.1612,10535886000
General Practice,cwa,Demography,2036,1.1699,10535886000
General Practice,cwa,Demography,2037,1.1793,10535886000
General Practice,cwa,Demography,2038,1.1884,10535886000
General Practice,cwa,Demography,2039,1.1976,10535886000
General Practice,cwa,Demography,2040,1.2067,10535886000
General Practice,cwa,Morbidity,2018,1.0000,10535886000
General Practice,cwa,Morbidity,2019,1.0151,10535886000
General Practice,cwa,Morbidity,2020,1.0254,10535886000
General Practice,cwa,Morbidity,2021,1.0392,10535886000
General Practice,cwa,Morbidity,2022,1.0561,10535886000
General Practice,cwa,Morbidity,2023,1.0626,10535886000
General Practice,cwa,Morbidity,2024,1.0810,10535886000
General Practice,cwa,Morbidity,2025,1.0986,10535886000
General Practice,cwa,Morbidity,2026,1.1155,10535886000
General Practice,cwa,Morbidity,2027,1.1323,10535886000
General Practice,cwa,Morbidity,2028,1.1480,10535886000
General Practice,cwa,Morbidity,2029,1.1631,10535886000
General Practice,cwa,Morbidity,2030,1.1780,10535886000
General Practice,cwa,Morbidity,2031,1.1929,10535886000
General Practice,cwa,Morbidity,2032,1.2075,10535886000
General Practice,cwa,Morbidity,2033,1.2220,10535886000
General Practice,cwa,Morbidity,2034,1.2363,10535886000
General Practice,cwa,Morbidity,2035,1.2504,10535886000
General Practice,cwa,Morbidity,2036,1.2641,10535886000
General Practice,cwa,Morbidity,2037,1.2786,10535886000
General Practice,cwa,Morbidity,2038,1.2927,10535886000
General Practice,cwa,Morbidity,2039,1.3065,10535886000
General Practice,cwa,Morbidity,2040,1.3205,10535886000
General Practice,cwa,Policy: Recovery,2018,1.0000,10535886000
General Practice,cwa,Policy: Recovery,2019,1.0227,10535886000
General Practice,cwa,Policy: Recovery,2020,1.0459,10535886000
General Practice,cwa,Policy: Recovery,2021,1.0697,10535886000
General Practice,cwa,Policy: Recovery,2022,1.0940,10535886000
General Practice,cwa,Policy: Recovery,2023,1.1188,10535886000
General Practice,cwa,Policy: Recovery,2024,1.1442,10535886000
General Practice,cwa,Policy: Recovery,2025,1.1702,10535886000
General Practice,cwa,Policy: Recovery,2026,1.1968,10535886000
General Practice,cwa,Policy: Recovery,2027,1.2239,10535886000
General Practice,cwa,Policy: Recovery,2028,1.2517,10535886000
General Practice,cwa,Policy: Recovery,2029,1.2801,10535886000
General Practice,cwa,Policy: Recovery,2030,1.3092,10535886000
General Practice,cwa,Policy: Recovery,2031,1.3255,10535886000
General Practice,cwa,Policy: Recovery,2032,1.3414,10535886000
General Practice,cwa,Policy: Recovery,2033,1.3569,10535886000
General Practice,cwa,Policy: Recovery,2034,1.3722,10535886000
General Practice,cwa,Policy: Recovery,2035,1.3872,10535886000
General Practice,cwa,Policy: Recovery,2036,1.4018,10535886000
General Practice,cwa,Policy: Recovery,2037,1.4162,10535886000
General Practice,cwa,Policy: Recovery,2038,1.4305,10535886000
General Practice,cwa,Policy: Recovery,2039,1.4451,10535886000
General Practice,cwa,Policy: Recovery,2040,1.4599,10535886000
General Practice,activity,Policy: Recovery,2018,1.0000,10535886000
General Practice,activity,Policy: Recovery,2019,1.0227,10535886000
General Practice,activity,Policy: Recovery,2020,1.0459,10535886000
General Practice,activity,Policy: Recovery,2021,1.0697,10535886000
General Practice,activity,Policy: Recovery,2022,1.0940,10535886000
General Practice,activity,Policy: Recovery,2023,1.1188,10535886000
General Practice,activity,Policy: Recovery,2024,1.1442,10535886000
General Practice,activity,Policy: Recovery,2025,1.1702,10535886000
General Practice,activity,Policy: Recovery,2026,1.1968,10535886000
General Practice,activity,Policy: Recovery,2027,1.2239,10535886000
General Practice,activity,Policy: Recovery,2028,1.2517,10535886000
General Practice,activity,Policy: Recovery,2029,1.2801,10535886000
General Practice,activity,Policy: Recovery,2030,1.3092,10535886000
General Practice,activity,Policy: Recovery,2031,1.3255,10535886000
General Practice,activity,Policy: Recovery,2032,1.3414,10535886000
General Practice,activity,Policy: Recovery,2033,1.3569,10535886000
General Practice,activity,Policy: Recovery,2034,1.3722,10535886000
General Practice,activity,Policy: Recovery,2035,1.3872,10535886000
General Practice,activity,Policy: Recovery,2036,1.4018,10535886000
General Practice,activity,Policy: Recovery,2037,1.4162,10535886000
General Practice,activity,Policy: Recovery,2038,1.4305,10535886000
General Practice,activity,Policy: Recovery,2039,1.4451,10535886000
General Practice,activity,Policy: Recovery,2040,1.4599,10535886000
Community,activity,Demography,2018,1.0000,8384600000
Community,activity,Demography,2019,1.0117,8384600000
Community,activity,Demography,2020,1.0151,8384600000
Community,activity,Demography,2021,1.0214,8384600000
Community,activity,Demography,2022,1.0374,8384600000
Community,activity,Demography,2023,1.0482,8384600000
Community,activity,Demography,2024,1.0651,8384600000
Community,activity,Demography,2025,1.0806,8384600000
Community,activity,Demography,2026,1.0948,8384600000
Community,activity,Demography,2027,1.1132,8384600000
Community,activity,Demography,2028,1.1318,8384600000
Community,activity,Demography,2029,1.1489,8384600000
Community,activity,Demography,2030,1.1642,8384600000
Community,activity,Demography,2031,1.1791,8384600000
Community,activity,Demography,2032,1.1996,8384600000
Community,activity,Demography,2033,1.2171,8384600000
Community,activity,Demography,2034,1.2322,8384600000
Community,activity,Demography,2035,1.2458,8384600000
Community,activity,Demography,2036,1.2589,8384600000
Community,activity,Demography,2037,1.2717,8384600000
Community,activity,Demography,2038,1.2852,8384600000
Community,activity,Demography,2039,1.2990,8384600000
Community,activity,Demography,2040,1.3126,8384600000
Community,activity,Morbidity,2018,1.0000,8384600000
Community,activity,Morbidity,2019,1.0276,8384600000
Community,activity,Morbidity,2020,1.0554,8384600000
Community,activity,Morbidity,2021,1.0849,8384600000
Community,activity,Morbidity,2022,1.1212,8384600000
Community,activity,Morbidity,2023,1.1473,8384600000
Community,activity,Morbidity,2024,1.1807,8384600000
Community,activity,Morbidity,2025,1.2187,8384600000
Community,activity,Morbidity,2026,1.2510,8384600000
Community,activity,Morbidity,2027,1.2981,8384600000
Community,activity,Morbidity,2028,1.3357,8384600000
Community,activity,Morbidity,2029,1.3744,8384600000
Community,activity,Morbidity,2030,1.4067,8384600000
Community,activity,Morbidity,2031,1.4406,8384600000
Community,activity,Morbidity,2032,1.4742,8384600000
Community,activity,Morbidity,2033,1.5144,8384600000
Community,activity,Morbidity,2034,1.5516,8384600000
Community,activity,Morbidity,2035,1.5918,8384600000
Community,activity,Morbidity,2036,1.6267,8384600000
Community,activity,Morbidity,2037,1.6868,8384600000
Community,activity,Morbidity,2038,1.7366,8384600000
Community,activity,Morbidity,2039,1.7711,8384600000
Community,activity,Morbidity,2040,1.8180,8384600000
Community,cwa,Demography,2018,1.0000,8384600000
Community,cwa,Demography,2019,1.0117,8384600000
Community,cwa,Demography,2020,1.0151,8384600000
Community,cwa,Demography,2021,1.0214,8384600000
Community,cwa,Demography,2022,1.0374,8384600000
Community,cwa,Demography,2023,1.0482,8384600000
Community,cwa,Demography,2024,1.0651,8384600000
Community,cwa,Demography,2025,1.0806,8384600000
Community,cwa,Demography,2026,1.0948,8384600000
Community,cwa,Demography,2027,1.1132,8384600000
Community,cwa,Demography,2028,1.1318,8384600000
Community,cwa,Demography,2029,1.1489,8384600000
Community,cwa,Demography,2030,1.1642,8384600000
Community,cwa,Demography,2031,1.1791,8384600000
Community,cwa,Demography,2032,1.1996,8384600000
Community,cwa,Demography,2033,1.2171,8384600000
Community,cwa,Demography,2034,1.2322,8384600000
Community,cwa,Demography,2035,1.2458,8384600000
Community,cwa,Demography,2036,1.2589,8384600000
Community,cwa,Demography,2037,1.2717,8384600000
Community,cwa,Demography,2038,1.2852,8384600000
Community,cwa,Demography,2039,1.2990,8384600000
Community,cwa,Demography,2040,1.3126,8384600000
Community,cwa,Morbidity,2018,1.0000,8384600000
Community,cwa,Morbidity,2019,1.0203,8384600000
Community,cwa,Morbidity,2020,1.0403,8384600000
Community,cwa,Morbidity,2021,1.0609,8384600000
Community,cwa,Morbidity,2022,1.0855,8384600000
Community,cwa,Morbidity,2023,1.1027,8384600000
Community,cwa,Morbidity,2024,1.1241,8384600000
Community,cwa,Morbidity,2025,1.1478,8384600000
Community,cwa,Morbidity,2026,1.1674,8384600000
Community,cwa,Morbidity,2027,1.1951,8384600000
Community,cwa,Morbidity,2028,1.2165,8384600000
Community,cwa,Morbidity,2029,1.2378,8384600000
Community,cwa,Morbidity,2030,1.2551,8384600000
Community,cwa,Morbidity,2031,1.2729,8384600000
Community,cwa,Morbidity,2032,1.2901,8384600000
Community,cwa,Morbidity,2033,1.3101,8384600000
Community,cwa,Morbidity,2034,1.3283,8384600000
Community,cwa,Morbidity,2035,1.3473,8384600000
Community,cwa,Morbidity,2036,1.3635,8384600000
Community,cwa,Morbidity,2037,1.3907,8384600000
Community,cwa,Morbidity,2038,1.4125,8384600000
Community,cwa,Morbidity,2039,1.4271,8384600000
Community,cwa,Morbidity,2040,1.4466,8384600000
Prescribing,activity,Demography,2018,1.0000,8199973922
Prescribing,activity,Demography,2019,1.0142,8199973922
Prescribing,activity,Demography,2020,1.0226,8199973922
Prescribing,activity,Demography,2021,1.0335,8199973922
Prescribing,activity,Demography,2022,1.0471,8199973922
Prescribing,activity,Demography,2023,1.0583,8199973922
Prescribing,activity,Demography,2024,1.0744,8199973922
Prescribing,activity,Demography,2025,1.0894,8199973922
Prescribing,activity,Demography,2026,1.1040,8199973922
Prescribing,activity,Demography,2027,1.1210,8199973922
Prescribing,activity,Demography,2028,1.1360,8199973922
Prescribing,activity,Demography,2029,1.1500,8199973922
Prescribing,activity,Demography,2030,1.1637,8199973922
Prescribing,activity,Demography,2031,1.1775,8199973922
Prescribing,activity,Demography,2032,1.1909,8199973922
Prescribing,activity,Demography,2033,1.2040,8199973922
Prescribing,activity,Demography,2034,1.2167,8199973922
Prescribing,activity,Demography,2035,1.2289,8199973922
Prescribing,activity,Demography,2036,1.2411,8199973922
Prescribing,activity,Demography,2037,1.2539,8199973922
Prescribing,activity,Demography,2038,1.2667,8199973922
Prescribing,activity,Demography,2039,1.2802,8199973922
Prescribing,activity,Demography,2040,1.2937,8199973922
Prescribing,activity,Morbidity,2018,1.0000,8199973922
Prescribing,activity,Morbidity,2019,1.0348,8199973922
Prescribing,activity,Morbidity,2020,1.0613,8199973922
Prescribing,activity,Morbidity,2021,1.0932,8199973922
Prescribing,activity,Morbidity,2022,1.1253,8199973922
Prescribing,activity,Morbidity,2023,1.1523,8199973922
Prescribing,activity,Morbidity,2024,1.1850,8199973922
Prescribing,activity,Morbidity,2025,1.2163,8199973922
Prescribing,activity,Morbidity,2026,1.2471,8199973922
Prescribing,activity,Morbidity,2027,1.2790,8199973922
Prescribing,activity,Morbidity,2028,1.3095,8199973922
Prescribing,activity,Morbidity,2029,1.3397,8199973922
Prescribing,activity,Morbidity,2030,1.3697,8199973922
Prescribing,activity,Morbidity,2031,1.4007,8199973922
Prescribing,activity,Morbidity,2032,1.4302,8199973922
Prescribing,activity,Morbidity,2033,1.4591,8199973922
Prescribing,activity,Morbidity,2034,1.4885,8199973922
Prescribing,activity,Morbidity,2035,1.5172,8199973922
Prescribing,activity,Morbidity,2036,1.5449,8199973922
Prescribing,activity,Morbidity,2037,1.5746,8199973922
Prescribing,activity,Morbidity,2038,1.6035,8199973922
Prescribing,activity,Morbidity,2039,1.6320,8199973922
Prescribing,activity,Morbidity,2040,1.6616,8199973922
Prescribing,cwa,Linear growth,2018,1.0000,8199973922
Prescribing,cwa,Linear growth,2019,1.0304,8199973922
Prescribing,cwa,Linear growth,2020,1.0552,8199973922
Prescribing,cwa,Linear growth,2021,1.0841,8199973922
Prescribing,cwa,Linear growth,2022,1.1151,8199973922
Prescribing,cwa,Linear growth,2023,1.1442,8199973922
Prescribing,cwa,Linear growth,2024,1.1783,8199973922
Prescribing,cwa,Linear growth,2025,1.2121,8199973922
Prescribing,cwa,Linear growth,2026,1.2460,8199973922
Prescribing,cwa,Linear growth,2027,1.2809,8199973922
Prescribing,cwa,Linear growth,2028,1.3152,8199973922
Prescribing,cwa,Linear growth,2029,1.3499,8199973922
Prescribing,cwa,Linear growth,2030,1.3851,8199973922
Prescribing,cwa,Linear growth,2031,1.4209,8199973922
Prescribing,cwa,Linear growth,2032,1.4569,8199973922
Prescribing,cwa,Linear growth,2033,1.4931,8199973922
Prescribing,cwa,Linear growth,2034,1.5300,8199973922
Prescribing,cwa,Linear growth,2035,1.5669,8199973922
Prescribing,cwa,Linear growth,2036,1.6044,8199973922
Prescribing,cwa,Linear growth,2037,1.6431,8199973922
Prescribing,cwa,Linear growth,2038,1.6824,8199973922
Prescribing,cwa,Linear growth,2039,1.7228,8199973922
Prescribing,cwa,Linear growth,2040,1.7640,8199973922
Prescribing,cwa,Log growth,2018,1.0000,8199973922
Prescribing,cwa,Log growth,2019,1.0234,8199973922
Prescribing,cwa,Log growth,2020,1.0405,8199973922
Prescribing,cwa,Log growth,2021,1.0606,8199973922
Prescribing,cwa,Log growth,2022,1.0821,8199973922
Prescribing,cwa,Log growth,2023,1.1005,8199973922
Prescribing,cwa,Log growth,2024,1.1234,8199973922
Prescribing,cwa,Log growth,2025,1.1451,8199973922
Prescribing,cwa,Log growth,2026,1.1662,8199973922
Prescribing,cwa,Log growth,2027,1.1875,8199973922
Prescribing,cwa,Log growth,2028,1.2074,8199973922
Prescribing,cwa,Log growth,2029,1.2269,8199973922
Prescribing,cwa,Log growth,2030,1.2462,8199973922
Prescribing,cwa,Log growth,2031,1.2653,8199973922
Prescribing,cwa,Log growth,2032,1.2839,8199973922
Prescribing,cwa,Log growth,2033,1.3020,8199973922
Prescribing,cwa,Log growth,2034,1.3200,8199973922
Prescribing,cwa,Log growth,2035,1.3372,8199973922
Prescribing,cwa,Log growth,2036,1.3543,8199973922
Prescribing,cwa,Log growth,2037,1.3719,8199973922
Prescribing,cwa,Log growth,2038,1.3891,8199973922
Prescribing,cwa,Log growth,2039,1.4065,8199973922
Prescribing,cwa,Log growth,2040,1.4240,8199973922
Prescribing,cwa,Demography,2018,1.0000,8199973922
Prescribing,cwa,Demography,2019,1.0142,8199973922
Prescribing,cwa,Demography,2020,1.0226,8199973922
Prescribing,cwa,Demography,2021,1.0335,8199973922
Prescribing,cwa,Demography,2022,1.0471,8199973922
Prescribing,cwa,Demography,2023,1.0583,8199973922
Prescribing,cwa,Demography,2024,1.0744,8199973922
Prescribing,cwa,Demography,2025,1.0894,8199973922
Prescribing,cwa,Demography,2026,1.1040,8199973922
Prescribing,cwa,Demography,2027,1.1210,8199973922
Prescribing,cwa,Demography,2028,1.1360,8199973922
Prescribing,cwa,Demography,2029,1.1500,8199973922
Prescribing,cwa,Demography,2030,1.1637,8199973922
Prescribing,cwa,Demography,2031,1.1775,8199973922
Prescribing,cwa,Demography,2032,1.1909,8199973922
Prescribing,cwa,Demography,2033,1.2040,8199973922
Prescribing,cwa,Demography,2034,1.2167,8199973922
Prescribing,cwa,Demography,2035,1.2289,8199973922
Prescribing,cwa,Demography,2036,1.2411,8199973922
Prescribing,cwa,Demography,2037,1.2539,8199973922
Prescribing,cwa,Demography,2038,1.2667,8199973922
Prescribing,cwa,Demography,2039,1.2802,8199973922
Prescribing,cwa,Demography,2040,1.2937,8199973922
Prescribing,cwa,Morbidity,2018,1.0000,8199973922
Prescribing,cwa,Morbidity,2019,1.0348,8199973922
Prescribing,cwa,Morbidity,2020,1.0613,8199973922
Prescribing,cwa,Morbidity,2021,1.0932,8199973922
Prescribing,cwa,Morbidity,2022,1.1253,8199973922
Prescribing,cwa,Morbidity,2023,1.1523,8199973922
Prescribing,cwa,Morbidity,2024,1.1850,8199973922
Prescribing,cwa,Morbidity,2025,1.2163,8199973922
Prescribing,cwa,Morbidity,2026,1.2471,8199973922
Prescribing,cwa,Morbidity,2027,1.2790,8199973922
Prescribing,cwa,Morbidity,2028,1.3095,8199973922
Prescribing,cwa,Morbidity,2029,1.3397,8199973922
Prescribing,cwa,Morbidity,2030,1.3697,8199973922
Prescribing,cwa,Morbidity,2031,1.4007,8199973922
Prescribing,cwa,Morbidity,2032,1.4302,8199973922
Prescribing,cwa,Morbidity,2033,1.4591,8199973922
Prescribing,cwa,Morbidity,2034,1.4885,8199973922
Prescribing,cwa,Morbidity,2035,1.5172,8199973922
Prescribing,cwa,Morbidity,2036,1.5449,8199973922
Prescribing,cwa,Morbidity,2037,1.5746,8199973922
Prescribing,cwa,Morbidity,2038,1.6035,8199973922
Prescribing,cwa,Morbidity,2039,1.6320,8199973922
Prescribing,cwa,Morbidity,2040,1.6616,8199973922
Specialised,cwa,medium,2018,1.0000,15900000000
Specialised,cwa,medium,2019,1.0664,15900000000
Specialised,cwa,medium,2020,1.0406,15900000000
Specialised,cwa,medium,2021,1.1486,15900000000
Specialised,cwa,medium,2022,1.1581,15900000000
Specialised,cwa,medium,2023,1.1856,15900000000
Specialised,cwa,medium,2024,1.2305,15900000000
Specialised,cwa,medium,2025,1.2580,15900000000
Specialised,cwa,medium,2026,1.2979,15900000000
Specialised,cwa,medium,2027,1.3289,15900000000
Specialised,cwa,medium,2028,1.3663,15900000000
Specialised,cwa,medium,2029,1.3991,15900000000
Specialised,cwa,medium,2030,1.4352,15900000000
Specialised,cwa,medium,2031,1.4690,15900000000
Specialised,cwa,medium,2032,1.5044,15900000000
Specialised,cwa,medium,2033,1.5387,15900000000
Specialised,cwa,medium,2034,1.5737,15900000000
Specialised,cwa,medium,2035,1.6082,15900000000
Specialised,cwa,medium,2036,1.6431,15900000000
Specialised,cwa,medium,2037,1.6777,15900000000
Specialised,cwa,medium,2038,1.7126,15900000000
Specialised,cwa,medium,2039,1.7472,15900000000
Specialised,cwa,medium,2040,1.7820,15900000000
Specialised,cwa,lower,2018,1.0000,15900000000
Specialised,cwa,lower,2019,1.0664,15900000000
Specialised,cwa,lower,2020,1.0406,15900000000
Specialised,cwa,lower,2021,1.1486,15900000000
Specialised,cwa,lower,2022,1.1581,15900000000
Specialised,cwa,lower,2023,1.1856,15900000000
Specialised,cwa,lower,2024,1.2305,15900000000
Specialised,cwa,lower,2025,1.2112,15900000000
Specialised,cwa,lower,2026,1.2493,15900000000
Specialised,cwa,lower,2027,1.2677,15900000000
Specialised,cwa,lower,2028,1.3019,15900000000
Specialised,cwa,lower,2029,1.3271,15900000000
Specialised,cwa,lower,2030,1.3594,15900000000
Specialised,cwa,lower,2031,1.3875,15900000000
Specialised,cwa,lower,2032,1.4190,15900000000
Specialised,cwa,lower,2033,1.4486,15900000000
Specialised,cwa,lower,2034,1.4799,15900000000
Specialised,cwa,lower,2035,1.5103,15900000000
Specialised,cwa,lower,2036,1.5417,15900000000
Specialised,cwa,lower,2037,1.5726,15900000000
Specialised,cwa,lower,2038,1.6040,15900000000
Specialised,cwa,lower,2039,1.6352,15900000000
Specialised,cwa,lower,2040,1.6668,15900000000
Specialised,cwa,upper,2018,1.0000,15900000000
Specialised,cwa,upper,2019,1.0664,15900000000
Specialised,cwa,upper,2020,1.0406,15900000000
Specialised,cwa,upper,2021,1.1486,15900000000
Specialised,cwa,upper,2022,1.1581,15900000000
Specialised,cwa,upper,2023,1.1856,15900000000
Specialised,cwa,upper,2024,1.2305,15900000000
Specialised,cwa,upper,2025,1.3047,15900000000
Specialised,cwa,upper,2026,1.3465,15900000000
Specialised,cwa,upper,2027,1.3901,15900000000
Specialised,cwa,upper,2028,1.4307,15900000000
Specialised,cwa,upper,2029,1.4712,15900000000
Specialised,cwa,upper,2030,1.5111,15900000000
Specialised,cwa,upper,2031,1.5505,15900000000
Specialised,cwa,upper,2032,1.5898,15900000000
Specialised,cwa,upper,2033,1.6287,15900000000
Specialised,cwa,upper,2034,1.6675,15900000000
Specialised,cwa,upper,2035,1.7061,15900000000
Specialised,cwa,upper,2036,1.7446,15900000000
Specialised,cwa,upper,2037,1.7829,15900000000
Specialised,cwa,upper,2038,1.8211,15900000000
Specialised,cwa,upper,2039,1.8592,15900000000
Specialised,cwa,upper,2040,1.8972,15900000000
Mental Health,activity,Demography,2018,1.0000,10111000000
Mental Health,activity,Demography,2019,1.0107,10111000000
Mental Health,activity,Demography,2020,1.0157,10111000000
Mental Health,activity,Demography,2021,1.0239,10111000000
Mental Health,activity,Demography,2022,1.0381,10111000000
Mental Health,activity,Demography,2023,1.0534,10111000000
Mental Health,activity,Demography,2024,1.0687,10111000000
Mental Health,activity,Demography,2025,1.0820,10111000000
Mental Health,activity,Demography,2026,1.0942,10111000000
Mental Health,activity,Demography,2027,1.1087,10111000000
Mental Health,activity,Demography,2028,1.1197,10111000000
Mental Health,activity,Demography,2029,1.1286,10111000000
Mental Health,activity,Demography,2030,1.1363,10111000000
Mental Health,activity,Demography,2031,1.1436,10111000000
Mental Health,activity,Demography,2032,1.1497,10111000000
Mental Health,activity,Demography,2033,1.1561,10111000000
Mental Health,activity,Demography,2034,1.1631,10111000000
Mental Health,activity,Demography,2035,1.1707,10111000000
Mental Health,activity,Demography,2036,1.1789,10111000000
Mental Health,activity,Demography,2037,1.1871,10111000000
Mental Health,activity,Demography,2038,1.1957,10111000000
Mental Health,activity,Demography,2039,1.2041,10111000000
Mental Health,activity,Demography,2040,1.2132,10111000000
Mental Health,cwa,Demography,2018,1.0000,10111000000
Mental Health,cwa,Demography,2019,1.0102,10111000000
Mental Health,cwa,Demography,2020,1.0157,10111000000
Mental Health,cwa,Demography,2021,1.0245,10111000000
Mental Health,cwa,Demography,2022,1.0384,10111000000
Mental Health,cwa,Demography,2023,1.0563,10111000000
Mental Health,cwa,Demography,2024,1.0716,10111000000
Mental Health,cwa,Demography,2025,1.0853,10111000000
Mental Health,cwa,Demography,2026,1.0978,10111000000
Mental Health,cwa,Demography,2027,1.1103,10111000000
Mental Health,cwa,Demography,2028,1.1199,10111000000
Mental Health,cwa,Demography,2029,1.1288,10111000000
Mental Health,cwa,Demography,2030,1.1371,10111000000
Mental Health,cwa,Demography,2031,1.1453,10111000000
Mental Health,cwa,Demography,2032,1.1530,10111000000
Mental Health,cwa,Demography,2033,1.1608,10111000000
Mental Health,cwa,Demography,2034,1.1691,10111000000
Mental Health,cwa,Demography,2035,1.1777,10111000000
Mental Health,cwa,Demography,2036,1.1868,10111000000
Mental Health,cwa,Demography,2037,1.1955,10111000000
Mental Health,cwa,Demography,2038,1.2040,10111000000
Mental Health,cwa,Demography,2039,1.2119,10111000000
Mental Health,cwa,Demography,2040,1.2202,10111000000
Mental Health,activity,Morbidity,2018,1.0000,10111000000
Mental Health,activity,Morbidity,2019,1.0212,10111000000
Mental Health,activity,Morbidity,2020,1.0376,10111000000
Mental Health,activity,Morbidity,2021,1.0579,10111000000
Mental Health,activity,Morbidity,2022,1.0832,10111000000
Mental Health,activity,Morbidity,2023,1.1085,10111000000
Mental Health,activity,Morbidity,2024,1.1339,10111000000
Mental Health,activity,Morbidity,2025,1.1588,10111000000
Mental Health,activity,Morbidity,2026,1.1824,10111000000
Mental Health,activity,Morbidity,2027,1.2062,10111000000
Mental Health,activity,Morbidity,2028,1.2268,10111000000
Mental Health,activity,Morbidity,2029,1.2448,10111000000
Mental Health,activity,Morbidity,2030,1.2625,10111000000
Mental Health,activity,Morbidity,2031,1.2800,10111000000
Mental Health,activity,Morbidity,2032,1.2949,10111000000
Mental Health,activity,Morbidity,2033,1.3097,10111000000
Mental Health,activity,Morbidity,2034,1.3262,10111000000
Mental Health,activity,Morbidity,2035,1.3423,10111000000
Mental Health,activity,Morbidity,2036,1.3595,10111000000
Mental Health,activity,Morbidity,2037,1.3758,10111000000
Mental Health,activity,Morbidity,2038,1.3933,10111000000
Mental Health,activity,Morbidity,2039,1.4098,10111000000
Mental Health,activity,Morbidity,2040,1.4267,10111000000
Mental Health,cwa,Morbidity,2018,1.0000,10111000000
Mental Health,cwa,Morbidity,2019,1.0207,10111000000
Mental Health,cwa,Morbidity,2020,1.0375,10111000000
Mental Health,cwa,Morbidity,2021,1.0585,10111000000
Mental Health,cwa,Morbidity,2022,1.0836,10111000000
Mental Health,cwa,Morbidity,2023,1.1115,10111000000
Mental Health,cwa,Morbidity,2024,1.1370,10111000000
Mental Health,cwa,Morbidity,2025,1.1623,10111000000
Mental Health,cwa,Morbidity,2026,1.1863,10111000000
Mental Health,cwa,Morbidity,2027,1.2078,10111000000
Mental Health,cwa,Morbidity,2028,1.2270,10111000000
Mental Health,cwa,Morbidity,2029,1.2451,10111000000
Mental Health,cwa,Morbidity,2030,1.2634,10111000000
Mental Health,cwa,Morbidity,2031,1.2819,10111000000
Mental Health,cwa,Morbidity,2032,1.2985,10111000000
Mental Health,cwa,Morbidity,2033,1.3150,10111000000
Mental Health,cwa,Morbidity,2034,1.3329,10111000000
Mental Health,cwa,Morbidity,2035,1.3503,10111000000
Mental Health,cwa,Morbidity,2036,1.3685,10111000000
Mental Health,cwa,Morbidity,2037,1.3855,10111000000
Mental Health,cwa,Morbidity,2038,1.4028,10111000000
Mental Health,cwa,Morbidity,2039,1.4188,10111000000
Mental Health,cwa,Morbidity,2040,1.4348,10111000000
IAPT,activity,Demography,2018,1.0000,489256654
IAPT,activity,Demography,2019,1.0049,489256654
IAPT,activity,Demography,2020,1.0060,489256654
IAPT,activity,Demography,2021,1.0103,489256654
IAPT,activity,Demography,2022,1.0183,489256654
IAPT,activity,Demography,2023,1.0335,489256654
IAPT,activity,Demography,2024,1.0445,489256654
IAPT,activity,Demography,2025,1.0540,489256654
IAPT,activity,Demography,2026,1.0623,489256654
IAPT,activity,Demography,2027,1.0695,489256654
IAPT,activity,Demography,2028,1.0747,489256654
IAPT,activity,Demography,2029,1.0797,489256654
IAPT,activity,Demography,2030,1.0847,489256654
IAPT,activity,Demography,2031,1.0894,489256654
IAPT,activity,Demography,2032,1.0938,489256654
IAPT,activity,Demography,2033,1.0977,489256654
IAPT,activity,Demography,2034,1.1016,489256654
IAPT,activity,Demography,2035,1.1056,489256654
IAPT,activity,Demography,2036,1.1096,489256654
IAPT,activity,Demography,2037,1.1128,489256654
IAPT,activity,Demography,2038,1.1163,489256654
IAPT,activity,Demography,2039,1.1202,489256654
IAPT,activity,Demography,2040,1.1239,489256654
IAPT,cwa,Demography,2018,1.0000,489256654
IAPT,cwa,Demography,2019,1.0049,489256654
IAPT,cwa,Demography,2020,1.0060,489256654
IAPT,cwa,Demography,2021,1.0103,489256654
IAPT,cwa,Demography,2022,1.0183,489256654
IAPT,cwa,Demography,2023,1.0335,489256654
IAPT,cwa,Demography,2024,1.0445,489256654
IAPT,cwa,Demography,2025,1.0540,489256654
IAPT,cwa,Demography,2026,1.0623,489256654
IAPT,cwa,Demography,2027,1.0695,489256654
IAPT,cwa,Demography,2028,1.0747,489256654
IAPT,cwa,Demography,2029,1.0797,489256654
IAPT,cwa,Demography,2030,1.0847,489256654
IAPT,cwa,Demography,2031,1.0894,489256654
IAPT,cwa,Demography,2032,1.0938,489256654
IAPT,cwa,Demography,2033,1.0977,489256654
IAPT,cwa,Demography,2034,1.1016,489256654
IAPT,cwa,Demography,2035,1.1056,489256654
IAPT,cwa,Demography,2036,1.1096,489256654
IAPT,cwa,Demography,2037,1.1128,489256654
IAPT,cwa,Demography,2038,1.1163,489256654
IAPT,cwa,Demography,2039,1.1202,489256654
IAPT,cwa,Demography,2040,1.1239,489256654
IAPT,activity,Morbidity,2018,1.0000,489256654
IAPT,activity,Morbidity,2019,1.0153,489256654
IAPT,activity,Morbidity,2020,1.0277,489256654
IAPT,activity,Morbidity,2021,1.0440,489256654
IAPT,activity,Morbidity,2022,1.0628,489256654
IAPT,activity,Morbidity,2023,1.0877,489256654
IAPT,activity,Morbidity,2024,1.1085,489256654
IAPT,activity,Morbidity,2025,1.1292,489256654
IAPT,activity,Morbidity,2026,1.1483,489256654
IAPT,activity,Morbidity,2027,1.1639,489256654
IAPT,activity,Morbidity,2028,1.1779,489256654
IAPT,activity,Morbidity,2029,1.1915,489256654
IAPT,activity,Morbidity,2030,1.2057,489256654
IAPT,activity,Morbidity,2031,1.2199,489256654
IAPT,activity,Morbidity,2032,1.2324,489256654
IAPT,activity,Morbidity,2033,1.2441,489256654
IAPT,activity,Morbidity,2034,1.2566,489256654
IAPT,activity,Morbidity,2035,1.2683,489256654
IAPT,activity,Morbidity,2036,1.2802,489256654
IAPT,activity,Morbidity,2037,1.2904,489256654
IAPT,activity,Morbidity,2038,1.3014,489256654
IAPT,activity,Morbidity,2039,1.3122,489256654
IAPT,activity,Morbidity,2040,1.3225,489256654
IAPT,cwa,Morbidity,2018,1.0000,489256654
IAPT,cwa,Morbidity,2019,1.0153,489256654
IAPT,cwa,Morbidity,2020,1.0277,489256654
IAPT,cwa,Morbidity,2021,1.0440,489256654
IAPT,cwa,Morbidity,2022,1.0628,489256654
IAPT,cwa,Morbidity,2023,1.0877,489256654
IAPT,cwa,Morbidity,2024,1.1085,489256654
IAPT,cwa,Morbidity,2025,1.1292,489256654
IAPT,cwa,Morbidity,2026,1.1483,489256654
IAPT,cwa,Morbidity,2027,1.1639,489256654
IAPT,cwa,Morbidity,2028,1.1779,489256654
IAPT,cwa,Morbidity,2029,1.1915,489256654
IAPT,cwa,Morbidity,2030,1.2057,489256654
IAPT,cwa,Morbidity,2031,1.2199,489256654
IAPT,cwa,Morbidity,2032,1.2324,489256654
IAPT,cwa,Morbidity,2033,1.2441,489256654
IAPT,cwa,Morbidity,2034,1.2566,489256654
IAPT,cwa,Morbidity,2035,1.2683,489256654
IAPT,cwa,Morbidity,2036,1.2802,489256654
IAPT,cwa,Morbidity,2037,1.2904,489256654
IAPT,cwa,Morbidity,2038,1.3014,489256654
IAPT,cwa,Morbidity,2039,1.3122,489256654
IAPT,cwa,Morbidity,2040,1.3225,489256654
Maternity,activity,Demography,2018,1.0000,2745400000
Maternity,activity,Demography,2019,0.9748,2745400000
Maternity,activity,Demography,2020,0.9330,2745400000
Maternity,activity,Demography,2021,0.9476,2745400000
Maternity,activity,Demography,2022,0.9154,2745400000
Maternity,activity,Demography,2023,0.9873,2745400000
Maternity,activity,Demography,2024,0.9995,2745400000
Maternity,activity,Demography,2025,1.0050,2745400000
Maternity,activity,Demography,2026,1.0081,2745400000
Maternity,activity,Demography,2027,1.0090,2745400000
Maternity,activity,Demography,2028,1.0087,2745400000
Maternity,activity,Demography,2029,1.0084,2745400000
Maternity,activity,Demography,2030,1.0084,2745400000
Maternity,activity,Demography,2031,1.0089,2745400000
Maternity,activity,Demography,2032,1.0094,2745400000
Maternity,activity,Demography,2033,1.0098,2745400000
Maternity,activity,Demography,2034,1.0107,2745400000
Maternity,activity,Demography,2035,1.0137,2745400000
Maternity,activity,Demography,2036,1.0188,2745400000
Maternity,activity,Demography,2037,1.0243,2745400000
Maternity,activity,Demography,2038,1.0297,2745400000
Maternity,activity,Demography,2039,1.0348,2745400000
Maternity,activity,Demography,2040,1.0389,2745400000
Maternity,activity,Log growth,2018,1.0000,2745400000
Maternity,activity,Log growth,2019,0.9736,2745400000
Maternity,activity,Log growth,2020,0.9306,2745400000
Maternity,activity,Log growth,2021,0.9444,2745400000
Maternity,activity,Log growth,2022,0.9125,2745400000
Maternity,activity,Log growth,2023,0.9832,2745400000
Maternity,activity,Log growth,2024,0.9944,2745400000
Maternity,activity,Log growth,2025,0.9990,2745400000
Maternity,activity,Log growth,2026,1.0012,2745400000
Maternity,activity,Log growth,2027,1.0012,2745400000
Maternity,activity,Log growth,2028,1.0002,2745400000
Maternity,activity,Log growth,2029,0.9993,2745400000
Maternity,activity,Log growth,2030,0.9986,2745400000
Maternity,activity,Log growth,2031,0.9984,2745400000
Maternity,activity,Log growth,2032,0.9982,2745400000
Maternity,activity,Log growth,2033,0.9980,2745400000
Maternity,activity,Log growth,2034,0.9983,2745400000
Maternity,activity,Log growth,2035,1.0006,2745400000
Maternity,activity,Log growth,2036,1.0051,2745400000
Maternity,activity,Log growth,2037,1.0099,2745400000
Maternity,activity,Log growth,2038,1.0147,2745400000
Maternity,activity,Log growth,2039,1.0194,2745400000
Maternity,activity,Log growth,2040,1.0229,2745400000
Maternity,activity,Linear growth,2018,1.0000,2745400000
Maternity,activity,Linear growth,2019,0.9710,2745400000
Maternity,activity,Linear growth,2020,0.9257,2745400000
Maternity,activity,Linear growth,2021,0.9367,2745400000
Maternity,activity,Linear growth,2022,0.9023,2745400000
Maternity,activity,Linear growth,2023,0.9693,2745400000
Maternity,activity,Linear growth,2024,0.9773,2745400000
Maternity,activity,Linear growth,2025,0.9787,2745400000
Maternity,activity,Linear growth,2026,0.9777,2745400000
Maternity,activity,Linear growth,2027,0.9745,2745400000
Maternity,activity,Linear growth,2028,0.9703,2745400000
Maternity,activity,Linear growth,2029,0.9662,2745400000
Maternity,activity,Linear growth,2030,0.9622,2745400000
Maternity,activity,Linear growth,2031,0.9588,2745400000
Maternity,activity,Linear growth,2032,0.9553,2745400000
Maternity,activity,Linear growth,2033,0.9518,2745400000
Maternity,activity,Linear growth,2034,0.9487,2745400000
Maternity,activity,Linear growth,2035,0.9475,2745400000
Maternity,activity,Linear growth,2036,0.9484,2745400000
Maternity,activity,Linear growth,2037,0.9496,2745400000
Maternity,activity,Linear growth,2038,0.9507,2745400000
Maternity,activity,Linear growth,2039,0.9516,2745400000
Maternity,activity,Linear growth,2040,0.9515,2745400000
Maternity,cwa,Demography,2018,1.0000,2745400000
Maternity,cwa,Demography,2019,0.9766,2745400000
Maternity,cwa,Demography,2020,0.9370,2745400000
Maternity,cwa,Demography,2021,0.9561,2745400000
Maternity,cwa,Demography,2022,0.9133,2745400000
Maternity,cwa,Demography,2023,0.9869,2745400000
Maternity,cwa,Demography,2024,1.0006,2745400000
Maternity,cwa,Demography,2025,1.0074,2745400000
Maternity,cwa,Demography,2026,1.0117,2745400000
Maternity,cwa,Demography,2027,1.0137,2745400000
Maternity,cwa,Demography,2028,1.0146,2745400000
Maternity,cwa,Demography,2029,1.0155,2745400000
Maternity,cwa,Demography,2030,1.0164,2745400000
Maternity,cwa,Demography,2031,1.0177,2745400000
Maternity,cwa,Demography,2032,1.0189,2745400000
Maternity,cwa,Demography,2033,1.0201,2745400000
Maternity,cwa,Demography,2034,1.0219,2745400000
Maternity,cwa,Demography,2035,1.0254,2745400000
Maternity,cwa,Demography,2036,1.0311,2745400000
Maternity,cwa,Demography,2037,1.0372,2745400000
Maternity,cwa,Demography,2038,1.0435,2745400000
Maternity,cwa,Demography,2039,1.0497,2745400000
Maternity,cwa,Demography,2040,1.0546,2745400000
Maternity,cwa,Log growth,2018,1.0000,2745400000
Maternity,cwa,Log growth,2019,0.9802,2745400000
Maternity,cwa,Log growth,2020,0.9434,2745400000
Maternity,cwa,Log growth,2021,0.9651,2745400000
Maternity,cwa,Log growth,2022,0.9283,2745400000
Maternity,cwa,Log growth,2023,1.0055,2745400000
Maternity,cwa,Log growth,2024,1.0218,2745400000
Maternity,cwa,Log growth,2025,1.0310,2745400000
Maternity,cwa,Log growth,2026,1.0375,2745400000
Maternity,cwa,Log growth,2027,1.0415,2745400000
Maternity,cwa,Log growth,2028,1.0443,2745400000
Maternity,cwa,Log growth,2029,1.0469,2745400000
Maternity,cwa,Log growth,2030,1.0496,2745400000
Maternity,cwa,Log growth,2031,1.0526,2745400000
Maternity,cwa,Log growth,2032,1.0554,2745400000
Maternity,cwa,Log growth,2033,1.0582,2745400000
Maternity,cwa,Log growth,2034,1.0614,2745400000
Maternity,cwa,Log growth,2035,1.0666,2745400000
Maternity,cwa,Log growth,2036,1.0739,2745400000
Maternity,cwa,Log growth,2037,1.0817,2745400000
Maternity,cwa,Log growth,2038,1.0895,2745400000
Maternity,cwa,Log growth,2039,1.0971,2745400000
Maternity,cwa,Log growth,2040,1.1034,2745400000
Maternity,cwa,Linear growth,2018,1.0000,2745400000
Maternity,cwa,Linear growth,2019,0.9871,2745400000
Maternity,cwa,Linear growth,2020,0.9570,2745400000
Maternity,cwa,Linear growth,2021,0.9866,2745400000
Maternity,cwa,Linear growth,2022,0.9565,2745400000
Maternity,cwa,Linear growth,2023,1.0445,2745400000
Maternity,cwa,Linear growth,2024,1.0704,2745400000
Maternity,cwa,Linear growth,2025,1.0893,2745400000
Maternity,cwa,Linear growth,2026,1.1057,2745400000
Maternity,cwa,Linear growth,2027,1.1198,2745400000
Maternity,cwa,Linear growth,2028,1.1328,2745400000
Maternity,cwa,Linear growth,2029,1.1460,2745400000
Maternity,cwa,Linear growth,2030,1.1595,2745400000
Maternity,cwa,Linear growth,2031,1.1735,2745400000
Maternity,cwa,Linear growth,2032,1.1877,2745400000
Maternity,cwa,Linear growth,2033,1.2020,2745400000
Maternity,cwa,Linear growth,2034,1.2171,2745400000
Maternity,cwa,Linear growth,2035,1.2347,2745400000
Maternity,cwa,Linear growth,2036,1.2551,2745400000
Maternity,cwa,Linear growth,2037,1.2764,2745400000
Maternity,cwa,Linear growth,2038,1.2980,2745400000
Maternity,cwa,Linear growth,2039,1.3198,2745400000
Maternity,cwa,Linear growth,2040,1.3404,2745400000
A&E,cwa,Policy: Recovery,2018,1.0000,3511161918
A&E,cwa,Policy: Recovery,2019,1.0254,3511161918
A&E,cwa,Policy: Recovery,2020,1.0457,3511161918
A&E,cwa,Policy: Recovery,2021,1.0683,3511161918
A&E,cwa,Policy: Recovery,2022,1.0963,3511161918
A&E,cwa,Policy: Recovery,2023,1.1050,3511161918
A&E,cwa,Policy: Recovery,2024,1.1330,3511161918
A&E,cwa,Policy: Recovery,2025,1.1599,3511161918
A&E,cwa,Policy: Recovery,2026,1.1857,3511161918
A&E,cwa,Policy: Recovery,2027,1.2111,3511161918
A&E,cwa,Policy: Recovery,2028,1.2353,3511161918
A&E,cwa,Policy: Recovery,2029,1.2580,3511161918
A&E,cwa,Policy: Recovery,2030,1.2801,3511161918
A&E,cwa,Policy: Recovery,2031,1.3019,3511161918
A&E,cwa,Policy: Recovery,2032,1.3233,3511161918
A&E,cwa,Policy: Recovery,2033,1.3444,3511161918
A&E,cwa,Policy: Recovery,2034,1.3654,3511161918
A&E,cwa,Policy: Recovery,2035,1.3861,3511161918
A&E,cwa,Policy: Recovery,2036,1.4063,3511161918
A&E,cwa,Policy: Recovery,2037,1.4274,3511161918
A&E,cwa,Policy: Recovery,2038,1.4482,3511161918
A&E,cwa,Policy: Recovery,2039,1.4682,3511161918
A&E,cwa,Policy: Recovery,2040,1.4886,3511161918
